#
# There is insufficient memory for the Java Runtime Environment to continue.
# Native memory allocation (mmap) failed to map 146800640 bytes. Error detail: G1 virtual space
# Possible reasons:
#   The system is out of physical RAM or swap space
#   This process is running with CompressedOops enabled, and the Java Heap may be blocking the growth of the native heap
# Possible solutions:
#   Reduce memory load on the system
#   Increase physical memory or swap space
#   Check if swap backing store is full
#   Decrease Java heap size (-Xmx/-Xms)
#   Decrease number of Java threads
#   Decrease Java thread stack sizes (-Xss)
#   Set larger code cache with -XX:ReservedCodeCacheSize=
#   JVM is running with Unscaled Compressed Oops mode in which the Java heap is
#     placed in the first 4GB address space. The Java Heap base address is the
#     maximum limit for the native heap growth. Please use -XX:HeapBaseMinAddress
#     to set the Java Heap base and to place the Java Heap above 4GB virtual address.
# This output file may be truncated or incomplete.
#
#  Out of Memory Error (os_windows.cpp:3925), pid=21452, tid=15872
#
# JRE version: OpenJDK Runtime Environment (21.0.8) (build 21.0.8+-14018985-b1038.68)
# Java VM: OpenJDK 64-Bit Server VM (21.0.8+-14018985-b1038.68, mixed mode, tiered, compressed oops, compressed class ptrs, g1 gc, windows-amd64)
# No core dump will be written. Minidumps are not enabled by default on client versions of Windows
#

---------------  S U M M A R Y ------------

Command Line: --add-opens=java.base/java.util=ALL-UNNAMED --add-opens=java.base/java.lang=ALL-UNNAMED --add-opens=java.base/java.lang.invoke=ALL-UNNAMED --add-opens=java.prefs/java.util.prefs=ALL-UNNAMED --add-exports=jdk.compiler/com.sun.tools.javac.api=ALL-UNNAMED --add-exports=jdk.compiler/com.sun.tools.javac.util=ALL-UNNAMED --add-opens=java.base/java.nio.charset=ALL-UNNAMED --add-opens=java.base/java.net=ALL-UNNAMED --add-opens=java.base/java.util.concurrent.atomic=ALL-UNNAMED -Xmx2048m -Dfile.encoding=UTF-8 -Duser.country=CL -Duser.language=es -Duser.variant -javaagent:C:\Users\anton\.gradle\wrapper\dists\gradle-8.10.2-bin\a04bxjujx95o3nb99gddekhwo\gradle-8.10.2\lib\agents\gradle-instrumentation-agent-8.10.2.jar org.gradle.launcher.daemon.bootstrap.GradleDaemon 8.10.2

Host: AMD Ryzen 5 3550H with Radeon Vega Mobile Gfx  , 8 cores, 15G,  Windows 11 , 64 bit Build 26100 (10.0.26100.7019)
Time: Wed Dec  3 09:41:50 2025 Hora verano Sudamérica Pacífico elapsed time: 3895.518127 seconds (0d 1h 4m 55s)

---------------  T H R E A D  ---------------

Current thread (0x000002086d2ecfb0):  VMThread "VM Thread"          [id=15872, stack(0x0000008b30800000,0x0000008b30900000) (1024K)]

Stack: [0x0000008b30800000,0x0000008b30900000]
Native frames: (J=compiled Java code, j=interpreted, Vv=VM code, C=native code)
V  [jvm.dll+0x6d68d9]
V  [jvm.dll+0x866693]
V  [jvm.dll+0x868c4e]
V  [jvm.dll+0x869333]
V  [jvm.dll+0x280566]
V  [jvm.dll+0x6d3195]
V  [jvm.dll+0x6c69ea]
V  [jvm.dll+0x3586db]
V  [jvm.dll+0x360336]
V  [jvm.dll+0x3b23f6]
V  [jvm.dll+0x3b26c8]
V  [jvm.dll+0x32ae6c]
V  [jvm.dll+0x32aef7]
V  [jvm.dll+0x370d3c]
V  [jvm.dll+0x36f4ee]
V  [jvm.dll+0x32a5c1]
V  [jvm.dll+0x36ebf0]
V  [jvm.dll+0x86f0b8]
V  [jvm.dll+0x870434]
V  [jvm.dll+0x870970]
V  [jvm.dll+0x870c03]
V  [jvm.dll+0x80eac8]
V  [jvm.dll+0x6d512d]
C  [ucrtbase.dll+0x37b0]
C  [KERNEL32.DLL+0x2e8d7]
C  [ntdll.dll+0x8c53c]

VM_Operation (0x0000008b37bfce00): G1CollectForAllocation, mode: safepoint, requested by thread 0x0000020875f0b3e0


---------------  P R O C E S S  ---------------

Threads class SMR info:
_java_thread_list=0x00000208770e0d60, length=119, elements={
0x00000208537c6b80, 0x000002086d376010, 0x000002086d3794b0, 0x000002086d379b20,
0x000002086d3a4d80, 0x000002086d3a9400, 0x000002086d38c7f0, 0x000002086d38d600,
0x000002086d391910, 0x000002086d3a9ed0, 0x000002086d8c4780, 0x0000020873192f50,
0x00000208732c74c0, 0x0000020873235650, 0x0000020873550890, 0x0000020873553680,
0x0000020873551c40, 0x0000020876293ed0, 0x0000020876294bf0, 0x0000020876291770,
0x0000020876292490, 0x0000020876295280, 0x0000020876296630, 0x0000020873916790,
0x00000208739153e0, 0x0000020873916e20, 0x00000208739139a0, 0x00000208739174b0,
0x0000020873f90c50, 0x00000208772ec890, 0x00000208772ebb70, 0x00000208772eae50,
0x00000208772ed5b0, 0x0000020874957fa0, 0x00000208794f8320, 0x00000208794faa80,
0x00000208794f9d60, 0x00000208789f80a0, 0x00000208789f7a10, 0x0000020874959350,
0x0000020874956bf0, 0x0000020874958cc0, 0x0000020874958630, 0x0000020874957280,
0x00000208749599e0, 0x0000020800bb8890, 0x0000020800bbaff0, 0x0000020800bb7b70,
0x0000020800bba2d0, 0x0000020800bba960, 0x0000020800bb8200, 0x0000020800bb8f20,
0x00000208786807d0, 0x00000208786835c0, 0x0000020878680140, 0x00000208786814f0,
0x0000020878680e60, 0x00000208786828a0, 0x0000020878681b80, 0x0000020878682210,
0x0000020874956560, 0x0000020877f4bd50, 0x0000020877f4b6c0, 0x0000020877f4a310,
0x0000020878f6fe70, 0x0000020878f70500, 0x0000020878f73980, 0x0000020877ff5a30,
0x0000020877ff60c0, 0x0000020877ff6de0, 0x0000020878f72c60, 0x0000020878f74010,
0x0000020878f70b90, 0x0000020878f746a0, 0x0000020878682f30, 0x00000208760d0930,
0x00000208760d2370, 0x0000020801d3ea20, 0x00000208749bf560, 0x00000208749bfbf0,
0x00000208749c2350, 0x00000208749beed0, 0x00000208749c0280, 0x00000208749c0910,
0x0000020801160f90, 0x0000020878456d80, 0x0000020800a41a40, 0x0000020800a42760,
0x00000208791d3800, 0x00000208791d3e90, 0x00000208791d1dc0, 0x00000208791d2ae0,
0x000002087804dee0, 0x0000020874b0d970, 0x0000020874b0d2e0, 0x0000020874b0e000,
0x0000020874b0e690, 0x0000020874b0ed20, 0x0000020800a40d20, 0x0000020800a413b0,
0x0000020877f4c3e0, 0x0000020877f48f60, 0x00000208749c1630, 0x00000208749c1cc0,
0x0000020876e7dd50, 0x0000020876e7e3e0, 0x0000020800a40000, 0x0000020800a420d0,
0x0000020800a40690, 0x0000020800a3f2e0, 0x00000208749479c0, 0x0000020874949500,
0x0000020800a3f970, 0x0000020875f0b3e0, 0x0000020875f0ba70, 0x0000020876e7f100,
0x0000020875f0c100, 0x0000020875f0ce20, 0x0000020877f495f0
}

Java Threads: ( => current thread )
  0x00000208537c6b80 JavaThread "main"                              [_thread_blocked, id=32808, stack(0x0000008b30100000,0x0000008b30200000) (1024K)]
  0x000002086d376010 JavaThread "Common-Cleaner"             daemon [_thread_blocked, id=24028, stack(0x0000008b30900000,0x0000008b30a00000) (1024K)]
  0x000002086d3794b0 JavaThread "Reference Handler"          daemon [_thread_blocked, id=30024, stack(0x0000008b30a00000,0x0000008b30b00000) (1024K)]
  0x000002086d379b20 JavaThread "Finalizer"                  daemon [_thread_blocked, id=19432, stack(0x0000008b30b00000,0x0000008b30c00000) (1024K)]
  0x000002086d3a4d80 JavaThread "Signal Dispatcher"          daemon [_thread_blocked, id=15264, stack(0x0000008b30c00000,0x0000008b30d00000) (1024K)]
  0x000002086d3a9400 JavaThread "Attach Listener"            daemon [_thread_blocked, id=37008, stack(0x0000008b30d00000,0x0000008b30e00000) (1024K)]
  0x000002086d38c7f0 JavaThread "Service Thread"             daemon [_thread_blocked, id=28656, stack(0x0000008b30e00000,0x0000008b30f00000) (1024K)]
  0x000002086d38d600 JavaThread "Monitor Deflation Thread"   daemon [_thread_blocked, id=13180, stack(0x0000008b30f00000,0x0000008b31000000) (1024K)]
  0x000002086d391910 JavaThread "C2 CompilerThread0"         daemon [_thread_blocked, id=22780, stack(0x0000008b31000000,0x0000008b31100000) (1024K)]
  0x000002086d3a9ed0 JavaThread "C1 CompilerThread0"         daemon [_thread_blocked, id=11468, stack(0x0000008b31100000,0x0000008b31200000) (1024K)]
  0x000002086d8c4780 JavaThread "Notification Thread"        daemon [_thread_blocked, id=3736, stack(0x0000008b31200000,0x0000008b31300000) (1024K)]
  0x0000020873192f50 JavaThread "Daemon health stats"               [_thread_blocked, id=15068, stack(0x0000008b31900000,0x0000008b31a00000) (1024K)]
  0x00000208732c74c0 JavaThread "Incoming local TCP Connector on port 60896"        [_thread_in_native, id=30428, stack(0x0000008b31a00000,0x0000008b31b00000) (1024K)]
  0x0000020873235650 JavaThread "Daemon periodic checks"            [_thread_blocked, id=31452, stack(0x0000008b31b00000,0x0000008b31c00000) (1024K)]
  0x0000020873550890 JavaThread "Cache worker for journal cache (C:\Users\anton\.gradle\caches\journal-1)"        [_thread_blocked, id=37404, stack(0x0000008b31400000,0x0000008b31500000) (1024K)]
  0x0000020873553680 JavaThread "File lock request listener"        [_thread_in_native, id=22048, stack(0x0000008b32600000,0x0000008b32700000) (1024K)]
  0x0000020873551c40 JavaThread "Cache worker for file hash cache (C:\Users\anton\.gradle\caches\8.10.2\fileHashes)"        [_thread_blocked, id=30676, stack(0x0000008b32700000,0x0000008b32800000) (1024K)]
  0x0000020876293ed0 JavaThread "File watcher server"        daemon [_thread_blocked, id=18688, stack(0x0000008b32800000,0x0000008b32900000) (1024K)]
  0x0000020876294bf0 JavaThread "File watcher consumer"      daemon [_thread_blocked, id=1796, stack(0x0000008b32900000,0x0000008b32a00000) (1024K)]
  0x0000020876291770 JavaThread "Cache worker for file content cache (C:\Users\anton\.gradle\caches\8.10.2\fileContent)"        [_thread_blocked, id=35132, stack(0x0000008b32d00000,0x0000008b32e00000) (1024K)]
  0x0000020876292490 JavaThread "jar transforms"                    [_thread_blocked, id=35772, stack(0x0000008b33100000,0x0000008b33200000) (1024K)]
  0x0000020876295280 JavaThread "jar transforms Thread 2"           [_thread_blocked, id=28620, stack(0x0000008b33200000,0x0000008b33300000) (1024K)]
  0x0000020876296630 JavaThread "jar transforms Thread 3"           [_thread_blocked, id=11304, stack(0x0000008b33400000,0x0000008b33500000) (1024K)]
  0x0000020873916790 JavaThread "jar transforms Thread 4"           [_thread_blocked, id=14484, stack(0x0000008b33d00000,0x0000008b33e00000) (1024K)]
  0x00000208739153e0 JavaThread "jar transforms Thread 5"           [_thread_blocked, id=14992, stack(0x0000008b33e00000,0x0000008b33f00000) (1024K)]
  0x0000020873916e20 JavaThread "jar transforms Thread 6"           [_thread_blocked, id=22996, stack(0x0000008b34300000,0x0000008b34400000) (1024K)]
  0x00000208739139a0 JavaThread "jar transforms Thread 7"           [_thread_blocked, id=36520, stack(0x0000008b34400000,0x0000008b34500000) (1024K)]
  0x00000208739174b0 JavaThread "jar transforms Thread 8"           [_thread_blocked, id=32664, stack(0x0000008b34500000,0x0000008b34600000) (1024K)]
  0x0000020873f90c50 JavaThread "Memory manager"                    [_thread_blocked, id=36152, stack(0x0000008b33000000,0x0000008b33100000) (1024K)]
  0x00000208772ec890 JavaThread "RMI Scheduler(0)"           daemon [_thread_blocked, id=37056, stack(0x0000008b39700000,0x0000008b39800000) (1024K)]
  0x00000208772ebb70 JavaThread "RMI GC Daemon"              daemon [_thread_blocked, id=9792, stack(0x0000008b39900000,0x0000008b39a00000) (1024K)]
  0x00000208772eae50 JavaThread "RMI TCP Accept-0"           daemon [_thread_in_native, id=27772, stack(0x0000008b39a00000,0x0000008b39b00000) (1024K)]
  0x00000208772ed5b0 JavaThread "RMI Reaper"                        [_thread_blocked, id=23096, stack(0x0000008b39b00000,0x0000008b39c00000) (1024K)]
  0x0000020874957fa0 JavaThread "Daemon Thread 6"                   [_thread_blocked, id=32644, stack(0x0000008b2fe00000,0x0000008b2ff00000) (1024K)]
  0x00000208794f8320 JavaThread "Handler for socket connection from /127.0.0.1:60896 to /127.0.0.1:50875"        [_thread_in_native, id=36364, stack(0x0000008b2ff00000,0x0000008b30000000) (1024K)]
  0x00000208794faa80 JavaThread "Cancel handler"                    [_thread_blocked, id=24872, stack(0x0000008b30000000,0x0000008b30100000) (1024K)]
  0x00000208794f9d60 JavaThread "Daemon worker Thread 6"            [_thread_blocked, id=18508, stack(0x0000008b31c00000,0x0000008b31d00000) (1024K)]
  0x00000208789f80a0 JavaThread "Asynchronous log dispatcher for DefaultDaemonConnection: socket connection from /127.0.0.1:60896 to /127.0.0.1:50875"        [_thread_blocked, id=37876, stack(0x0000008b31d00000,0x0000008b31e00000) (1024K)]
  0x00000208789f7a10 JavaThread "Stdin handler"                     [_thread_blocked, id=37788, stack(0x0000008b31e00000,0x0000008b31f00000) (1024K)]
  0x0000020874959350 JavaThread "Daemon client event forwarder"        [_thread_blocked, id=36920, stack(0x0000008b31f00000,0x0000008b32000000) (1024K)]
  0x0000020874956bf0 JavaThread "Cache worker for file hash cache (C:\Users\anton\OneDrive\Escritorio\main hanyuhub\Hanyuhub\.gradle\8.10.2\fileHashes)"        [_thread_blocked, id=5364, stack(0x0000008b32000000,0x0000008b32100000) (1024K)]
  0x0000020874958cc0 JavaThread "Cache worker for Build Output Cleanup Cache (C:\Users\anton\OneDrive\Escritorio\main hanyuhub\Hanyuhub\.gradle\buildOutputCleanup)"        [_thread_blocked, id=12200, stack(0x0000008b32100000,0x0000008b32200000) (1024K)]
  0x0000020874958630 JavaThread "Cache worker for checksums cache (C:\Users\anton\OneDrive\Escritorio\main hanyuhub\Hanyuhub\.gradle\8.10.2\checksums)"        [_thread_blocked, id=9424, stack(0x0000008b32200000,0x0000008b32300000) (1024K)]
  0x0000020874957280 JavaThread "Cache worker for cache directory md-rule (C:\Users\anton\.gradle\caches\8.10.2\md-rule)"        [_thread_blocked, id=23252, stack(0x0000008b32a00000,0x0000008b32b00000) (1024K)]
  0x00000208749599e0 JavaThread "Cache worker for cache directory md-supplier (C:\Users\anton\.gradle\caches\8.10.2\md-supplier)"        [_thread_blocked, id=24368, stack(0x0000008b32b00000,0x0000008b32c00000) (1024K)]
  0x0000020800bb8890 JavaThread "Unconstrained build operations"        [_thread_blocked, id=26580, stack(0x0000008b32e00000,0x0000008b32f00000) (1024K)]
  0x0000020800bbaff0 JavaThread "Unconstrained build operations Thread 2"        [_thread_blocked, id=30848, stack(0x0000008b32f00000,0x0000008b33000000) (1024K)]
  0x0000020800bb7b70 JavaThread "Unconstrained build operations Thread 3"        [_thread_blocked, id=3328, stack(0x0000008b33300000,0x0000008b33400000) (1024K)]
  0x0000020800bba2d0 JavaThread "Unconstrained build operations Thread 4"        [_thread_blocked, id=33420, stack(0x0000008b33500000,0x0000008b33600000) (1024K)]
  0x0000020800bba960 JavaThread "Unconstrained build operations Thread 5"        [_thread_blocked, id=1192, stack(0x0000008b33600000,0x0000008b33700000) (1024K)]
  0x0000020800bb8200 JavaThread "Unconstrained build operations Thread 6"        [_thread_blocked, id=11376, stack(0x0000008b33700000,0x0000008b33800000) (1024K)]
  0x0000020800bb8f20 JavaThread "Unconstrained build operations Thread 7"        [_thread_blocked, id=1772, stack(0x0000008b33800000,0x0000008b33900000) (1024K)]
  0x00000208786807d0 JavaThread "Unconstrained build operations Thread 8"        [_thread_blocked, id=30784, stack(0x0000008b33900000,0x0000008b33a00000) (1024K)]
  0x00000208786835c0 JavaThread "Unconstrained build operations Thread 9"        [_thread_blocked, id=11452, stack(0x0000008b33a00000,0x0000008b33b00000) (1024K)]
  0x0000020878680140 JavaThread "Unconstrained build operations Thread 10"        [_thread_blocked, id=23416, stack(0x0000008b33b00000,0x0000008b33c00000) (1024K)]
  0x00000208786814f0 JavaThread "Unconstrained build operations Thread 11"        [_thread_blocked, id=13656, stack(0x0000008b33c00000,0x0000008b33d00000) (1024K)]
  0x0000020878680e60 JavaThread "Unconstrained build operations Thread 12"        [_thread_blocked, id=33556, stack(0x0000008b33f00000,0x0000008b34000000) (1024K)]
  0x00000208786828a0 JavaThread "Unconstrained build operations Thread 13"        [_thread_blocked, id=8728, stack(0x0000008b34000000,0x0000008b34100000) (1024K)]
  0x0000020878681b80 JavaThread "Unconstrained build operations Thread 14"        [_thread_blocked, id=24232, stack(0x0000008b34100000,0x0000008b34200000) (1024K)]
  0x0000020878682210 JavaThread "Unconstrained build operations Thread 15"        [_thread_blocked, id=11404, stack(0x0000008b34200000,0x0000008b34300000) (1024K)]
  0x0000020874956560 JavaThread "Unconstrained build operations Thread 16"        [_thread_blocked, id=35804, stack(0x0000008b34600000,0x0000008b34700000) (1024K)]
  0x0000020877f4bd50 JavaThread "Unconstrained build operations Thread 17"        [_thread_blocked, id=26232, stack(0x0000008b34700000,0x0000008b34800000) (1024K)]
  0x0000020877f4b6c0 JavaThread "Unconstrained build operations Thread 18"        [_thread_blocked, id=25344, stack(0x0000008b34800000,0x0000008b34900000) (1024K)]
  0x0000020877f4a310 JavaThread "Unconstrained build operations Thread 19"        [_thread_blocked, id=7696, stack(0x0000008b34900000,0x0000008b34a00000) (1024K)]
  0x0000020878f6fe70 JavaThread "Unconstrained build operations Thread 20"        [_thread_blocked, id=34776, stack(0x0000008b34a00000,0x0000008b34b00000) (1024K)]
  0x0000020878f70500 JavaThread "Unconstrained build operations Thread 21"        [_thread_blocked, id=37764, stack(0x0000008b34b00000,0x0000008b34c00000) (1024K)]
  0x0000020878f73980 JavaThread "Unconstrained build operations Thread 22"        [_thread_blocked, id=8876, stack(0x0000008b34c00000,0x0000008b34d00000) (1024K)]
  0x0000020877ff5a30 JavaThread "build event listener"              [_thread_blocked, id=22980, stack(0x0000008b34d00000,0x0000008b34e00000) (1024K)]
  0x0000020877ff60c0 JavaThread "build event listener"              [_thread_blocked, id=23116, stack(0x0000008b34e00000,0x0000008b34f00000) (1024K)]
  0x0000020877ff6de0 JavaThread "included builds"                   [_thread_blocked, id=31580, stack(0x0000008b35000000,0x0000008b35100000) (1024K)]
  0x0000020878f72c60 JavaThread "Execution worker"                  [_thread_blocked, id=23644, stack(0x0000008b35100000,0x0000008b35200000) (1024K)]
  0x0000020878f74010 JavaThread "Execution worker Thread 2"         [_thread_blocked, id=29108, stack(0x0000008b35200000,0x0000008b35300000) (1024K)]
  0x0000020878f70b90 JavaThread "Execution worker Thread 3"         [_thread_blocked, id=14456, stack(0x0000008b35300000,0x0000008b35400000) (1024K)]
  0x0000020878f746a0 JavaThread "Cache worker for execution history cache (C:\Users\anton\OneDrive\Escritorio\main hanyuhub\Hanyuhub\.gradle\8.10.2\executionHistory)"        [_thread_blocked, id=27724, stack(0x0000008b35400000,0x0000008b35500000) (1024K)]
  0x0000020878682f30 JavaThread "Execution worker Thread 4"         [_thread_blocked, id=26520, stack(0x0000008b35500000,0x0000008b35600000) (1024K)]
  0x00000208760d0930 JavaThread "Execution worker Thread 5"         [_thread_blocked, id=17156, stack(0x0000008b35600000,0x0000008b35700000) (1024K)]
  0x00000208760d2370 JavaThread "Execution worker Thread 6"         [_thread_blocked, id=28052, stack(0x0000008b35700000,0x0000008b35800000) (1024K)]
  0x0000020801d3ea20 JavaThread "Execution worker Thread 7"         [_thread_blocked, id=5040, stack(0x0000008b35800000,0x0000008b35900000) (1024K)]
  0x00000208749bf560 JavaThread "Unconstrained build operations Thread 23"        [_thread_blocked, id=28860, stack(0x0000008b35900000,0x0000008b35a00000) (1024K)]
  0x00000208749bfbf0 JavaThread "Unconstrained build operations Thread 24"        [_thread_blocked, id=25796, stack(0x0000008b35a00000,0x0000008b35b00000) (1024K)]
  0x00000208749c2350 JavaThread "Unconstrained build operations Thread 25"        [_thread_blocked, id=868, stack(0x0000008b35b00000,0x0000008b35c00000) (1024K)]
  0x00000208749beed0 JavaThread "Unconstrained build operations Thread 26"        [_thread_blocked, id=1756, stack(0x0000008b35c00000,0x0000008b35d00000) (1024K)]
  0x00000208749c0280 JavaThread "Unconstrained build operations Thread 27"        [_thread_blocked, id=16832, stack(0x0000008b35d00000,0x0000008b35e00000) (1024K)]
  0x00000208749c0910 JavaThread "Unconstrained build operations Thread 28"        [_thread_blocked, id=31760, stack(0x0000008b35e00000,0x0000008b35f00000) (1024K)]
  0x0000020801160f90 JavaThread "Unconstrained build operations Thread 29"        [_thread_blocked, id=26840, stack(0x0000008b35f00000,0x0000008b36000000) (1024K)]
  0x0000020878456d80 JavaThread "Unconstrained build operations Thread 30"        [_thread_blocked, id=19304, stack(0x0000008b36000000,0x0000008b36100000) (1024K)]
  0x0000020800a41a40 JavaThread "Unconstrained build operations Thread 31"        [_thread_blocked, id=10992, stack(0x0000008b36100000,0x0000008b36200000) (1024K)]
  0x0000020800a42760 JavaThread "Unconstrained build operations Thread 32"        [_thread_blocked, id=24984, stack(0x0000008b36200000,0x0000008b36300000) (1024K)]
  0x00000208791d3800 JavaThread "Unconstrained build operations Thread 33"        [_thread_blocked, id=27296, stack(0x0000008b36300000,0x0000008b36400000) (1024K)]
  0x00000208791d3e90 JavaThread "Unconstrained build operations Thread 34"        [_thread_blocked, id=18540, stack(0x0000008b36400000,0x0000008b36500000) (1024K)]
  0x00000208791d1dc0 JavaThread "Unconstrained build operations Thread 35"        [_thread_blocked, id=28012, stack(0x0000008b36500000,0x0000008b36600000) (1024K)]
  0x00000208791d2ae0 JavaThread "Unconstrained build operations Thread 36"        [_thread_blocked, id=2668, stack(0x0000008b36600000,0x0000008b36700000) (1024K)]
  0x000002087804dee0 JavaThread "Unconstrained build operations Thread 37"        [_thread_blocked, id=33004, stack(0x0000008b36700000,0x0000008b36800000) (1024K)]
  0x0000020874b0d970 JavaThread "Unconstrained build operations Thread 38"        [_thread_blocked, id=22932, stack(0x0000008b36800000,0x0000008b36900000) (1024K)]
  0x0000020874b0d2e0 JavaThread "Unconstrained build operations Thread 39"        [_thread_blocked, id=26880, stack(0x0000008b36900000,0x0000008b36a00000) (1024K)]
  0x0000020874b0e000 JavaThread "Unconstrained build operations Thread 40"        [_thread_blocked, id=19708, stack(0x0000008b36a00000,0x0000008b36b00000) (1024K)]
  0x0000020874b0e690 JavaThread "Unconstrained build operations Thread 41"        [_thread_blocked, id=35012, stack(0x0000008b36b00000,0x0000008b36c00000) (1024K)]
  0x0000020874b0ed20 JavaThread "Unconstrained build operations Thread 42"        [_thread_blocked, id=26236, stack(0x0000008b36c00000,0x0000008b36d00000) (1024K)]
  0x0000020800a40d20 JavaThread "Unconstrained build operations Thread 43"        [_thread_blocked, id=5416, stack(0x0000008b36d00000,0x0000008b36e00000) (1024K)]
  0x0000020800a413b0 JavaThread "Unconstrained build operations Thread 44"        [_thread_blocked, id=16864, stack(0x0000008b36e00000,0x0000008b36f00000) (1024K)]
  0x0000020877f4c3e0 JavaThread "Unconstrained build operations Thread 45"        [_thread_blocked, id=30376, stack(0x0000008b36f00000,0x0000008b37000000) (1024K)]
  0x0000020877f48f60 JavaThread "WorkerExecutor Queue"              [_thread_blocked, id=7692, stack(0x0000008b32c00000,0x0000008b32d00000) (1024K)]
  0x00000208749c1630 JavaThread "Unconstrained build operations Thread 46"        [_thread_blocked, id=20112, stack(0x0000008b37100000,0x0000008b37200000) (1024K)]
  0x00000208749c1cc0 JavaThread "Unconstrained build operations Thread 47"        [_thread_blocked, id=4480, stack(0x0000008b37200000,0x0000008b37300000) (1024K)]
  0x0000020876e7dd50 JavaThread "Unconstrained build operations Thread 48"        [_thread_blocked, id=25880, stack(0x0000008b37300000,0x0000008b37400000) (1024K)]
  0x0000020876e7e3e0 JavaThread "Unconstrained build operations Thread 49"        [_thread_blocked, id=20916, stack(0x0000008b37400000,0x0000008b37500000) (1024K)]
  0x0000020800a40000 JavaThread "RMI TCP Connection(21)-127.0.0.1" daemon [_thread_in_native, id=36956, stack(0x0000008b37500000,0x0000008b37600000) (1024K)]
  0x0000020800a420d0 JavaThread "RMI TCP Connection(22)-127.0.0.1" daemon [_thread_in_native, id=15984, stack(0x0000008b37600000,0x0000008b37700000) (1024K)]
  0x0000020800a40690 JavaThread "RMI TCP Connection(23)-127.0.0.1" daemon [_thread_in_native, id=12312, stack(0x0000008b37700000,0x0000008b37800000) (1024K)]
  0x0000020800a3f2e0 JavaThread "RMI TCP Connection(24)-127.0.0.1" daemon [_thread_in_native, id=33204, stack(0x0000008b37800000,0x0000008b37900000) (1024K)]
  0x00000208749479c0 JavaThread "C2 CompilerThread1"         daemon [_thread_blocked, id=32248, stack(0x0000008b37000000,0x0000008b37100000) (1024K)]
  0x0000020874949500 JavaThread "C2 CompilerThread2"         daemon [_thread_in_native, id=34512, stack(0x0000008b37900000,0x0000008b37a00000) (1024K)]
  0x0000020800a3f970 JavaThread "WorkerExecutor Queue Thread 2"        [_thread_blocked, id=25616, stack(0x0000008b37a00000,0x0000008b37b00000) (1024K)]
  0x0000020875f0b3e0 JavaThread "WorkerExecutor Queue Thread 3"        [_thread_blocked, id=4632, stack(0x0000008b37b00000,0x0000008b37c00000) (1024K)]
  0x0000020875f0ba70 JavaThread "WorkerExecutor Queue Thread 4"        [_thread_blocked, id=10632, stack(0x0000008b37c00000,0x0000008b37d00000) (1024K)]
  0x0000020876e7f100 JavaThread "WorkerExecutor Queue Thread 5"        [_thread_blocked, id=24380, stack(0x0000008b37d00000,0x0000008b37e00000) (1024K)]
  0x0000020875f0c100 JavaThread "WorkerExecutor Queue Thread 6"        [_thread_blocked, id=6636, stack(0x0000008b37e00000,0x0000008b37f00000) (1024K)]
  0x0000020875f0ce20 JavaThread "WorkerExecutor Queue Thread 8"        [_thread_blocked, id=33372, stack(0x0000008b38000000,0x0000008b38100000) (1024K)]
  0x0000020877f495f0 JavaThread "WorkerExecutor Queue Thread 9"        [_thread_blocked, id=7088, stack(0x0000008b38100000,0x0000008b38200000) (1024K)]
Total: 119

Other Threads:
=>0x000002086d2ecfb0 VMThread "VM Thread"                           [id=15872, stack(0x0000008b30800000,0x0000008b30900000) (1024K)]
  0x000002086d20db90 WatcherThread "VM Periodic Task Thread"        [id=11760, stack(0x0000008b30700000,0x0000008b30800000) (1024K)]
  0x0000020855bb4540 WorkerThread "GC Thread#0"                     [id=34572, stack(0x0000008b30200000,0x0000008b30300000) (1024K)]
  0x000002086ddcd250 WorkerThread "GC Thread#1"                     [id=18496, stack(0x0000008b31500000,0x0000008b31600000) (1024K)]
  0x000002086df773a0 WorkerThread "GC Thread#2"                     [id=37460, stack(0x0000008b31600000,0x0000008b31700000) (1024K)]
  0x000002086df77740 WorkerThread "GC Thread#3"                     [id=12212, stack(0x0000008b31700000,0x0000008b31800000) (1024K)]
  0x00000208720f0230 WorkerThread "GC Thread#4"                     [id=16376, stack(0x0000008b31800000,0x0000008b31900000) (1024K)]
  0x00000208722dc800 WorkerThread "GC Thread#5"                     [id=27188, stack(0x0000008b31300000,0x0000008b31400000) (1024K)]
  0x00000208732dc6e0 WorkerThread "GC Thread#6"                     [id=23444, stack(0x0000008b32300000,0x0000008b32400000) (1024K)]
  0x00000208732db4c0 WorkerThread "GC Thread#7"                     [id=29156, stack(0x0000008b32400000,0x0000008b32500000) (1024K)]
  0x0000020855bc5430 ConcurrentGCThread "G1 Main Marker"            [id=31488, stack(0x0000008b30300000,0x0000008b30400000) (1024K)]
  0x0000020855bc7b30 WorkerThread "G1 Conc#0"                       [id=35560, stack(0x0000008b30400000,0x0000008b30500000) (1024K)]
  0x00000208732db860 WorkerThread "G1 Conc#1"                       [id=20752, stack(0x0000008b32500000,0x0000008b32600000) (1024K)]
  0x000002086d153e20 ConcurrentGCThread "G1 Refine#0"               [id=30620, stack(0x0000008b30500000,0x0000008b30600000) (1024K)]
  0x000002086d154350 ConcurrentGCThread "G1 Service"                [id=24148, stack(0x0000008b30600000,0x0000008b30700000) (1024K)]
Total: 15

Threads with active compile tasks:
C2 CompilerThread0  3895565 29811       4       com.android.tools.r8.graph.U0::a (433 bytes)
C2 CompilerThread1  3895565 30529       4       com.android.tools.r8.internal.eR::a (3153 bytes)
C2 CompilerThread2  3895565 30277 %     4       com.android.tools.r8.internal.eR::a @ 1642 (1917 bytes)
Total: 3

VM state: at safepoint (normal execution)

VM Mutex/Monitor currently owned by a thread:  ([mutex/lock_event])
[0x00007ffc5c6985b8] Threads_lock - owner thread: 0x000002086d2ecfb0
[0x00007ffc5c6986b8] Heap_lock - owner thread: 0x0000020875f0b3e0

Heap address: 0x0000000080000000, size: 2048 MB, Compressed Oops mode: 32-bit

CDS archive(s) not mapped
Compressed class space mapped at: 0x0000000100000000-0x0000000140000000, reserved size: 1073741824
Narrow klass base: 0x0000000000000000, Narrow klass shift: 3, Narrow klass range: 0x140000000

GC Precious Log:
 CardTable entry size: 512
 Card Set container configuration: InlinePtr #cards 5 size 8 Array Of Cards #cards 12 size 40 Howl #buckets 4 coarsen threshold 1843 Howl Bitmap #cards 512 size 80 coarsen threshold 460 Card regions per heap region 1 cards per card region 2048
 CPUs: 8 total, 8 available
 Memory: 15809M
 Large Page Support: Disabled
 NUMA Support: Disabled
 Compressed Oops: Enabled (32-bit)
 Heap Region Size: 1M
 Heap Min Capacity: 8M
 Heap Initial Capacity: 248M
 Heap Max Capacity: 2G
 Pre-touch: Disabled
 Parallel Workers: 8
 Concurrent Workers: 2
 Concurrent Refinement Workers: 8
 Periodic GC: Disabled

Heap:
 garbage-first heap   total 379904K, used 172595K [0x0000000080000000, 0x0000000100000000)
  region size 1024K, 8 young (8192K), 8 survivors (8192K)
 Metaspace       used 152801K, committed 157568K, reserved 1245184K
  class space    used 21015K, committed 22912K, reserved 1048576K

Heap Regions: E=young(eden), S=young(survivor), O=old, HS=humongous(starts), HC=humongous(continues), CS=collection set, F=free, TAMS=top-at-mark-start, PB=parsable bottom
|   0|0x0000000080000000, 0x0000000080100000, 0x0000000080100000|100%| O|  |TAMS 0x0000000080000000| PB 0x0000000080000000| Untracked 
|   1|0x0000000080100000, 0x0000000080200000, 0x0000000080200000|100%| O|  |TAMS 0x0000000080100000| PB 0x0000000080100000| Untracked 
|   2|0x0000000080200000, 0x0000000080300000, 0x0000000080300000|100%|HS|  |TAMS 0x0000000080200000| PB 0x0000000080200000| Complete 
|   3|0x0000000080300000, 0x0000000080400000, 0x0000000080400000|100%|HC|  |TAMS 0x0000000080300000| PB 0x0000000080300000| Complete 
|   4|0x0000000080400000, 0x0000000080500000, 0x0000000080500000|100%|HC|  |TAMS 0x0000000080400000| PB 0x0000000080400000| Complete 
|   5|0x0000000080500000, 0x0000000080600000, 0x0000000080600000|100%|HC|  |TAMS 0x0000000080500000| PB 0x0000000080500000| Complete 
|   6|0x0000000080600000, 0x0000000080700000, 0x0000000080700000|100%| O|  |TAMS 0x0000000080600000| PB 0x0000000080600000| Untracked 
|   7|0x0000000080700000, 0x0000000080800000, 0x0000000080800000|100%| O|  |TAMS 0x0000000080700000| PB 0x0000000080700000| Untracked 
|   8|0x0000000080800000, 0x0000000080900000, 0x0000000080900000|100%| O|  |TAMS 0x0000000080800000| PB 0x0000000080800000| Untracked 
|   9|0x0000000080900000, 0x0000000080a00000, 0x0000000080a00000|100%|HS|  |TAMS 0x0000000080900000| PB 0x0000000080900000| Complete 
|  10|0x0000000080a00000, 0x0000000080b00000, 0x0000000080b00000|100%| O|  |TAMS 0x0000000080a00000| PB 0x0000000080a00000| Untracked 
|  11|0x0000000080b00000, 0x0000000080c00000, 0x0000000080c00000|100%| O|  |TAMS 0x0000000080b00000| PB 0x0000000080b00000| Untracked 
|  12|0x0000000080c00000, 0x0000000080d00000, 0x0000000080d00000|100%| O|  |TAMS 0x0000000080c00000| PB 0x0000000080c00000| Untracked 
|  13|0x0000000080d00000, 0x0000000080e00000, 0x0000000080e00000|100%| O|  |TAMS 0x0000000080d00000| PB 0x0000000080d00000| Untracked 
|  14|0x0000000080e00000, 0x0000000080f00000, 0x0000000080f00000|100%| O|  |TAMS 0x0000000080e00000| PB 0x0000000080e00000| Untracked 
|  15|0x0000000080f00000, 0x0000000081000000, 0x0000000081000000|100%| O|  |TAMS 0x0000000080f00000| PB 0x0000000080f00000| Untracked 
|  16|0x0000000081000000, 0x0000000081100000, 0x0000000081100000|100%| O|  |TAMS 0x0000000081000000| PB 0x0000000081000000| Untracked 
|  17|0x0000000081100000, 0x0000000081200000, 0x0000000081200000|100%| O|  |TAMS 0x0000000081100000| PB 0x0000000081100000| Untracked 
|  18|0x0000000081200000, 0x0000000081300000, 0x0000000081300000|100%| O|  |TAMS 0x0000000081200000| PB 0x0000000081200000| Untracked 
|  19|0x0000000081300000, 0x0000000081400000, 0x0000000081400000|100%| O|  |TAMS 0x0000000081300000| PB 0x0000000081300000| Untracked 
|  20|0x0000000081400000, 0x0000000081500000, 0x0000000081500000|100%| O|  |TAMS 0x0000000081400000| PB 0x0000000081400000| Untracked 
|  21|0x0000000081500000, 0x0000000081600000, 0x0000000081600000|100%| O|  |TAMS 0x0000000081500000| PB 0x0000000081500000| Untracked 
|  22|0x0000000081600000, 0x0000000081700000, 0x0000000081700000|100%| O|  |TAMS 0x0000000081600000| PB 0x0000000081600000| Untracked 
|  23|0x0000000081700000, 0x0000000081800000, 0x0000000081800000|100%| O|  |TAMS 0x0000000081700000| PB 0x0000000081700000| Untracked 
|  24|0x0000000081800000, 0x0000000081900000, 0x0000000081900000|100%| O|  |TAMS 0x0000000081800000| PB 0x0000000081800000| Untracked 
|  25|0x0000000081900000, 0x0000000081a00000, 0x0000000081a00000|100%| O|  |TAMS 0x0000000081900000| PB 0x0000000081900000| Untracked 
|  26|0x0000000081a00000, 0x0000000081b00000, 0x0000000081b00000|100%| O|  |TAMS 0x0000000081a00000| PB 0x0000000081a00000| Untracked 
|  27|0x0000000081b00000, 0x0000000081c00000, 0x0000000081c00000|100%|HS|  |TAMS 0x0000000081b00000| PB 0x0000000081b00000| Complete 
|  28|0x0000000081c00000, 0x0000000081d00000, 0x0000000081d00000|100%| O|  |TAMS 0x0000000081c00000| PB 0x0000000081c00000| Untracked 
|  29|0x0000000081d00000, 0x0000000081e00000, 0x0000000081e00000|100%| O|  |TAMS 0x0000000081d00000| PB 0x0000000081d00000| Untracked 
|  30|0x0000000081e00000, 0x0000000081f00000, 0x0000000081f00000|100%| O|  |TAMS 0x0000000081e00000| PB 0x0000000081e00000| Untracked 
|  31|0x0000000081f00000, 0x0000000082000000, 0x0000000082000000|100%| O|  |TAMS 0x0000000081f00000| PB 0x0000000081f00000| Untracked 
|  32|0x0000000082000000, 0x0000000082100000, 0x0000000082100000|100%| O|  |TAMS 0x0000000082000000| PB 0x0000000082000000| Untracked 
|  33|0x0000000082100000, 0x0000000082200000, 0x0000000082200000|100%| O|  |TAMS 0x0000000082100000| PB 0x0000000082100000| Untracked 
|  34|0x0000000082200000, 0x0000000082300000, 0x0000000082300000|100%| O|  |TAMS 0x0000000082200000| PB 0x0000000082200000| Untracked 
|  35|0x0000000082300000, 0x0000000082400000, 0x0000000082400000|100%| O|  |TAMS 0x0000000082300000| PB 0x0000000082300000| Untracked 
|  36|0x0000000082400000, 0x0000000082500000, 0x0000000082500000|100%| O|  |TAMS 0x0000000082400000| PB 0x0000000082400000| Untracked 
|  37|0x0000000082500000, 0x0000000082600000, 0x0000000082600000|100%| O|  |TAMS 0x0000000082500000| PB 0x0000000082500000| Untracked 
|  38|0x0000000082600000, 0x0000000082700000, 0x0000000082700000|100%| O|  |TAMS 0x0000000082600000| PB 0x0000000082600000| Untracked 
|  39|0x0000000082700000, 0x0000000082800000, 0x0000000082800000|100%| O|  |TAMS 0x0000000082700000| PB 0x0000000082700000| Untracked 
|  40|0x0000000082800000, 0x0000000082900000, 0x0000000082900000|100%| O|  |TAMS 0x0000000082800000| PB 0x0000000082800000| Untracked 
|  41|0x0000000082900000, 0x0000000082a00000, 0x0000000082a00000|100%| O|  |TAMS 0x0000000082900000| PB 0x0000000082900000| Untracked 
|  42|0x0000000082a00000, 0x0000000082b00000, 0x0000000082b00000|100%| O|  |TAMS 0x0000000082a00000| PB 0x0000000082a00000| Untracked 
|  43|0x0000000082b00000, 0x0000000082c00000, 0x0000000082c00000|100%|HS|  |TAMS 0x0000000082b00000| PB 0x0000000082b00000| Complete 
|  44|0x0000000082c00000, 0x0000000082d00000, 0x0000000082d00000|100%| O|  |TAMS 0x0000000082c00000| PB 0x0000000082c00000| Untracked 
|  45|0x0000000082d00000, 0x0000000082d00000, 0x0000000082e00000|  0%| F|  |TAMS 0x0000000082d00000| PB 0x0000000082d00000| Untracked 
|  46|0x0000000082e00000, 0x0000000082f00000, 0x0000000082f00000|100%| O|  |TAMS 0x0000000082e00000| PB 0x0000000082e00000| Untracked 
|  47|0x0000000082f00000, 0x0000000083000000, 0x0000000083000000|100%| O|  |TAMS 0x0000000082f00000| PB 0x0000000082f00000| Untracked 
|  48|0x0000000083000000, 0x0000000083100000, 0x0000000083100000|100%| O|  |TAMS 0x0000000083000000| PB 0x0000000083000000| Untracked 
|  49|0x0000000083100000, 0x0000000083200000, 0x0000000083200000|100%| O|  |TAMS 0x0000000083100000| PB 0x0000000083100000| Untracked 
|  50|0x0000000083200000, 0x0000000083300000, 0x0000000083300000|100%| O|  |TAMS 0x0000000083200000| PB 0x0000000083200000| Untracked 
|  51|0x0000000083300000, 0x0000000083400000, 0x0000000083400000|100%| O|  |TAMS 0x0000000083300000| PB 0x0000000083300000| Untracked 
|  52|0x0000000083400000, 0x0000000083500000, 0x0000000083500000|100%|HS|  |TAMS 0x0000000083400000| PB 0x0000000083400000| Complete 
|  53|0x0000000083500000, 0x0000000083600000, 0x0000000083600000|100%|HC|  |TAMS 0x0000000083500000| PB 0x0000000083500000| Complete 
|  54|0x0000000083600000, 0x0000000083700000, 0x0000000083700000|100%|HS|  |TAMS 0x0000000083600000| PB 0x0000000083600000| Complete 
|  55|0x0000000083700000, 0x0000000083800000, 0x0000000083800000|100%|HS|  |TAMS 0x0000000083700000| PB 0x0000000083700000| Complete 
|  56|0x0000000083800000, 0x0000000083900000, 0x0000000083900000|100%| O|  |TAMS 0x0000000083800000| PB 0x0000000083800000| Untracked 
|  57|0x0000000083900000, 0x0000000083a00000, 0x0000000083a00000|100%| O|  |TAMS 0x0000000083900000| PB 0x0000000083900000| Untracked 
|  58|0x0000000083a00000, 0x0000000083b00000, 0x0000000083b00000|100%| O|  |TAMS 0x0000000083a00000| PB 0x0000000083a00000| Untracked 
|  59|0x0000000083b00000, 0x0000000083c00000, 0x0000000083c00000|100%| O|  |TAMS 0x0000000083b00000| PB 0x0000000083b00000| Untracked 
|  60|0x0000000083c00000, 0x0000000083d00000, 0x0000000083d00000|100%|HS|  |TAMS 0x0000000083c00000| PB 0x0000000083c00000| Complete 
|  61|0x0000000083d00000, 0x0000000083e00000, 0x0000000083e00000|100%|HC|  |TAMS 0x0000000083d00000| PB 0x0000000083d00000| Complete 
|  62|0x0000000083e00000, 0x0000000083f00000, 0x0000000083f00000|100%|HS|  |TAMS 0x0000000083e00000| PB 0x0000000083e00000| Complete 
|  63|0x0000000083f00000, 0x0000000084000000, 0x0000000084000000|100%|HC|  |TAMS 0x0000000083f00000| PB 0x0000000083f00000| Complete 
|  64|0x0000000084000000, 0x0000000084100000, 0x0000000084100000|100%|HC|  |TAMS 0x0000000084000000| PB 0x0000000084000000| Complete 
|  65|0x0000000084100000, 0x0000000084200000, 0x0000000084200000|100%|HS|  |TAMS 0x0000000084100000| PB 0x0000000084100000| Complete 
|  66|0x0000000084200000, 0x0000000084300000, 0x0000000084300000|100%| O|  |TAMS 0x0000000084200000| PB 0x0000000084200000| Untracked 
|  67|0x0000000084300000, 0x0000000084400000, 0x0000000084400000|100%|HS|  |TAMS 0x0000000084300000| PB 0x0000000084300000| Complete 
|  68|0x0000000084400000, 0x0000000084491580, 0x0000000084500000| 56%| O|  |TAMS 0x0000000084400000| PB 0x0000000084400000| Untracked 
|  69|0x0000000084500000, 0x0000000084600000, 0x0000000084600000|100%| O|  |TAMS 0x0000000084500000| PB 0x0000000084500000| Untracked 
|  70|0x0000000084600000, 0x0000000084700000, 0x0000000084700000|100%| O|  |TAMS 0x0000000084600000| PB 0x0000000084600000| Untracked 
|  71|0x0000000084700000, 0x0000000084800000, 0x0000000084800000|100%|HS|  |TAMS 0x0000000084700000| PB 0x0000000084700000| Complete 
|  72|0x0000000084800000, 0x0000000084800000, 0x0000000084900000|  0%| F|  |TAMS 0x0000000084800000| PB 0x0000000084800000| Untracked 
|  73|0x0000000084900000, 0x0000000084a00000, 0x0000000084a00000|100%| O|  |TAMS 0x0000000084900000| PB 0x0000000084900000| Untracked 
|  74|0x0000000084a00000, 0x0000000084b00000, 0x0000000084b00000|100%| O|  |TAMS 0x0000000084a00000| PB 0x0000000084a00000| Untracked 
|  75|0x0000000084b00000, 0x0000000084c00000, 0x0000000084c00000|100%| O|  |TAMS 0x0000000084b00000| PB 0x0000000084b00000| Untracked 
|  76|0x0000000084c00000, 0x0000000084d00000, 0x0000000084d00000|100%| O|  |TAMS 0x0000000084c00000| PB 0x0000000084c00000| Untracked 
|  77|0x0000000084d00000, 0x0000000084e00000, 0x0000000084e00000|100%| O|  |TAMS 0x0000000084d00000| PB 0x0000000084d00000| Untracked 
|  78|0x0000000084e00000, 0x0000000084f00000, 0x0000000084f00000|100%| O|  |TAMS 0x0000000084e00000| PB 0x0000000084e00000| Untracked 
|  79|0x0000000084f00000, 0x0000000085000000, 0x0000000085000000|100%|HS|  |TAMS 0x0000000084f00000| PB 0x0000000084f00000| Complete 
|  80|0x0000000085000000, 0x0000000085100000, 0x0000000085100000|100%|HC|  |TAMS 0x0000000085000000| PB 0x0000000085000000| Complete 
|  81|0x0000000085100000, 0x0000000085200000, 0x0000000085200000|100%|HC|  |TAMS 0x0000000085100000| PB 0x0000000085100000| Complete 
|  82|0x0000000085200000, 0x0000000085300000, 0x0000000085300000|100%| O|  |TAMS 0x0000000085200000| PB 0x0000000085200000| Untracked 
|  83|0x0000000085300000, 0x0000000085400000, 0x0000000085400000|100%| O|  |TAMS 0x0000000085300000| PB 0x0000000085300000| Untracked 
|  84|0x0000000085400000, 0x0000000085500000, 0x0000000085500000|100%| O|  |TAMS 0x0000000085400000| PB 0x0000000085400000| Untracked 
|  85|0x0000000085500000, 0x0000000085600000, 0x0000000085600000|100%| O|  |TAMS 0x0000000085500000| PB 0x0000000085500000| Untracked 
|  86|0x0000000085600000, 0x0000000085700000, 0x0000000085700000|100%| O|  |TAMS 0x0000000085600000| PB 0x0000000085600000| Untracked 
|  87|0x0000000085700000, 0x0000000085800000, 0x0000000085800000|100%| O|  |TAMS 0x0000000085700000| PB 0x0000000085700000| Untracked 
|  88|0x0000000085800000, 0x0000000085900000, 0x0000000085900000|100%| O|  |TAMS 0x0000000085800000| PB 0x0000000085800000| Untracked 
|  89|0x0000000085900000, 0x0000000085a00000, 0x0000000085a00000|100%| O|  |TAMS 0x0000000085900000| PB 0x0000000085900000| Untracked 
|  90|0x0000000085a00000, 0x0000000085b00000, 0x0000000085b00000|100%| O|  |TAMS 0x0000000085a00000| PB 0x0000000085a00000| Untracked 
|  91|0x0000000085b00000, 0x0000000085c00000, 0x0000000085c00000|100%| O|  |TAMS 0x0000000085b00000| PB 0x0000000085b00000| Untracked 
|  92|0x0000000085c00000, 0x0000000085d00000, 0x0000000085d00000|100%| O|  |TAMS 0x0000000085c00000| PB 0x0000000085c00000| Untracked 
|  93|0x0000000085d00000, 0x0000000085e00000, 0x0000000085e00000|100%| O|  |TAMS 0x0000000085d00000| PB 0x0000000085d00000| Untracked 
|  94|0x0000000085e00000, 0x0000000085f00000, 0x0000000085f00000|100%| O|  |TAMS 0x0000000085e00000| PB 0x0000000085e00000| Untracked 
|  95|0x0000000085f00000, 0x0000000086000000, 0x0000000086000000|100%| O|  |TAMS 0x0000000085f00000| PB 0x0000000085f00000| Untracked 
|  96|0x0000000086000000, 0x0000000086100000, 0x0000000086100000|100%| O|  |TAMS 0x0000000086000000| PB 0x0000000086000000| Untracked 
|  97|0x0000000086100000, 0x0000000086200000, 0x0000000086200000|100%| O|  |TAMS 0x0000000086100000| PB 0x0000000086100000| Untracked 
|  98|0x0000000086200000, 0x0000000086300000, 0x0000000086300000|100%| O|  |TAMS 0x0000000086200000| PB 0x0000000086200000| Untracked 
|  99|0x0000000086300000, 0x0000000086400000, 0x0000000086400000|100%| O|  |TAMS 0x0000000086300000| PB 0x0000000086300000| Untracked 
| 100|0x0000000086400000, 0x0000000086500000, 0x0000000086500000|100%| O|  |TAMS 0x0000000086400000| PB 0x0000000086400000| Untracked 
| 101|0x0000000086500000, 0x0000000086600000, 0x0000000086600000|100%| O|  |TAMS 0x0000000086500000| PB 0x0000000086500000| Untracked 
| 102|0x0000000086600000, 0x0000000086700000, 0x0000000086700000|100%| O|  |TAMS 0x0000000086600000| PB 0x0000000086600000| Untracked 
| 103|0x0000000086700000, 0x0000000086800000, 0x0000000086800000|100%| O|  |TAMS 0x0000000086700000| PB 0x0000000086700000| Untracked 
| 104|0x0000000086800000, 0x0000000086900000, 0x0000000086900000|100%| O|  |TAMS 0x0000000086800000| PB 0x0000000086800000| Untracked 
| 105|0x0000000086900000, 0x0000000086a00000, 0x0000000086a00000|100%| O|  |TAMS 0x0000000086900000| PB 0x0000000086900000| Untracked 
| 106|0x0000000086a00000, 0x0000000086a00000, 0x0000000086b00000|  0%| F|  |TAMS 0x0000000086a00000| PB 0x0000000086a00000| Untracked 
| 107|0x0000000086b00000, 0x0000000086b00000, 0x0000000086c00000|  0%| F|  |TAMS 0x0000000086b00000| PB 0x0000000086b00000| Untracked 
| 108|0x0000000086c00000, 0x0000000086c00000, 0x0000000086d00000|  0%| F|  |TAMS 0x0000000086c00000| PB 0x0000000086c00000| Untracked 
| 109|0x0000000086d00000, 0x0000000086e00000, 0x0000000086e00000|100%| O|  |TAMS 0x0000000086d00000| PB 0x0000000086d00000| Untracked 
| 110|0x0000000086e00000, 0x0000000086f00000, 0x0000000086f00000|100%| O|  |TAMS 0x0000000086e00000| PB 0x0000000086e00000| Untracked 
| 111|0x0000000086f00000, 0x0000000087000000, 0x0000000087000000|100%| O|  |TAMS 0x0000000086f00000| PB 0x0000000086f00000| Untracked 
| 112|0x0000000087000000, 0x0000000087000000, 0x0000000087100000|  0%| F|  |TAMS 0x0000000087000000| PB 0x0000000087000000| Untracked 
| 113|0x0000000087100000, 0x0000000087100000, 0x0000000087200000|  0%| F|  |TAMS 0x0000000087100000| PB 0x0000000087100000| Untracked 
| 114|0x0000000087200000, 0x0000000087300000, 0x0000000087300000|100%| O|  |TAMS 0x0000000087200000| PB 0x0000000087200000| Untracked 
| 115|0x0000000087300000, 0x0000000087400000, 0x0000000087400000|100%| O|  |TAMS 0x0000000087300000| PB 0x0000000087300000| Untracked 
| 116|0x0000000087400000, 0x0000000087500000, 0x0000000087500000|100%| O|  |TAMS 0x0000000087400000| PB 0x0000000087400000| Untracked 
| 117|0x0000000087500000, 0x0000000087500000, 0x0000000087600000|  0%| F|  |TAMS 0x0000000087500000| PB 0x0000000087500000| Untracked 
| 118|0x0000000087600000, 0x0000000087700000, 0x0000000087700000|100%| O|  |TAMS 0x0000000087600000| PB 0x0000000087600000| Untracked 
| 119|0x0000000087700000, 0x0000000087700000, 0x0000000087800000|  0%| F|  |TAMS 0x0000000087700000| PB 0x0000000087700000| Untracked 
| 120|0x0000000087800000, 0x0000000087800000, 0x0000000087900000|  0%| F|  |TAMS 0x0000000087800000| PB 0x0000000087800000| Untracked 
| 121|0x0000000087900000, 0x0000000087a00000, 0x0000000087a00000|100%| O|  |TAMS 0x0000000087900000| PB 0x0000000087900000| Untracked 
| 122|0x0000000087a00000, 0x0000000087a00000, 0x0000000087b00000|  0%| F|  |TAMS 0x0000000087a00000| PB 0x0000000087a00000| Untracked 
| 123|0x0000000087b00000, 0x0000000087b00000, 0x0000000087c00000|  0%| F|  |TAMS 0x0000000087b00000| PB 0x0000000087b00000| Untracked 
| 124|0x0000000087c00000, 0x0000000087d00000, 0x0000000087d00000|100%| O|  |TAMS 0x0000000087c00000| PB 0x0000000087c00000| Untracked 
| 125|0x0000000087d00000, 0x0000000087e00000, 0x0000000087e00000|100%| O|  |TAMS 0x0000000087d00000| PB 0x0000000087d00000| Untracked 
| 126|0x0000000087e00000, 0x0000000087f00000, 0x0000000087f00000|100%| O|  |TAMS 0x0000000087e00000| PB 0x0000000087e00000| Untracked 
| 127|0x0000000087f00000, 0x0000000088000000, 0x0000000088000000|100%| O|  |TAMS 0x0000000087f00000| PB 0x0000000087f00000| Untracked 
| 128|0x0000000088000000, 0x0000000088000000, 0x0000000088100000|  0%| F|  |TAMS 0x0000000088000000| PB 0x0000000088000000| Untracked 
| 129|0x0000000088100000, 0x0000000088100000, 0x0000000088200000|  0%| F|  |TAMS 0x0000000088100000| PB 0x0000000088100000| Untracked 
| 130|0x0000000088200000, 0x0000000088300000, 0x0000000088300000|100%| O|  |TAMS 0x0000000088200000| PB 0x0000000088200000| Untracked 
| 131|0x0000000088300000, 0x0000000088300000, 0x0000000088400000|  0%| F|  |TAMS 0x0000000088300000| PB 0x0000000088300000| Untracked 
| 132|0x0000000088400000, 0x0000000088500000, 0x0000000088500000|100%| O|  |TAMS 0x0000000088400000| PB 0x0000000088400000| Untracked 
| 133|0x0000000088500000, 0x0000000088600000, 0x0000000088600000|100%| O|  |TAMS 0x0000000088500000| PB 0x0000000088500000| Untracked 
| 134|0x0000000088600000, 0x0000000088700000, 0x0000000088700000|100%| O|  |TAMS 0x0000000088600000| PB 0x0000000088600000| Untracked 
| 135|0x0000000088700000, 0x0000000088700000, 0x0000000088800000|  0%| F|  |TAMS 0x0000000088700000| PB 0x0000000088700000| Untracked 
| 136|0x0000000088800000, 0x0000000088900000, 0x0000000088900000|100%| O|  |TAMS 0x0000000088800000| PB 0x0000000088800000| Untracked 
| 137|0x0000000088900000, 0x0000000088a00000, 0x0000000088a00000|100%| O|  |TAMS 0x0000000088900000| PB 0x0000000088900000| Untracked 
| 138|0x0000000088a00000, 0x0000000088b00000, 0x0000000088b00000|100%| O|  |TAMS 0x0000000088a00000| PB 0x0000000088a00000| Untracked 
| 139|0x0000000088b00000, 0x0000000088c00000, 0x0000000088c00000|100%| O|  |TAMS 0x0000000088b00000| PB 0x0000000088b00000| Untracked 
| 140|0x0000000088c00000, 0x0000000088c00000, 0x0000000088d00000|  0%| F|  |TAMS 0x0000000088c00000| PB 0x0000000088c00000| Untracked 
| 141|0x0000000088d00000, 0x0000000088d00000, 0x0000000088e00000|  0%| F|  |TAMS 0x0000000088d00000| PB 0x0000000088d00000| Untracked 
| 142|0x0000000088e00000, 0x0000000088e00000, 0x0000000088f00000|  0%| F|  |TAMS 0x0000000088e00000| PB 0x0000000088e00000| Untracked 
| 143|0x0000000088f00000, 0x0000000089000000, 0x0000000089000000|100%| O|  |TAMS 0x0000000088f00000| PB 0x0000000088f00000| Untracked 
| 144|0x0000000089000000, 0x0000000089000000, 0x0000000089100000|  0%| F|  |TAMS 0x0000000089000000| PB 0x0000000089000000| Untracked 
| 145|0x0000000089100000, 0x0000000089100000, 0x0000000089200000|  0%| F|  |TAMS 0x0000000089100000| PB 0x0000000089100000| Untracked 
| 146|0x0000000089200000, 0x0000000089200000, 0x0000000089300000|  0%| F|  |TAMS 0x0000000089200000| PB 0x0000000089200000| Untracked 
| 147|0x0000000089300000, 0x0000000089400000, 0x0000000089400000|100%| O|  |TAMS 0x0000000089300000| PB 0x0000000089300000| Untracked 
| 148|0x0000000089400000, 0x0000000089500000, 0x0000000089500000|100%| O|  |TAMS 0x0000000089400000| PB 0x0000000089400000| Untracked 
| 149|0x0000000089500000, 0x0000000089600000, 0x0000000089600000|100%| O|  |TAMS 0x0000000089500000| PB 0x0000000089500000| Untracked 
| 150|0x0000000089600000, 0x0000000089700000, 0x0000000089700000|100%| O|  |TAMS 0x0000000089600000| PB 0x0000000089600000| Untracked 
| 151|0x0000000089700000, 0x0000000089700000, 0x0000000089800000|  0%| F|  |TAMS 0x0000000089700000| PB 0x0000000089700000| Untracked 
| 152|0x0000000089800000, 0x0000000089900000, 0x0000000089900000|100%| O|  |TAMS 0x0000000089800000| PB 0x0000000089800000| Untracked 
| 153|0x0000000089900000, 0x00000000899fb880, 0x0000000089a00000| 98%| S|CS|TAMS 0x0000000089900000| PB 0x0000000089900000| Complete 
| 154|0x0000000089a00000, 0x0000000089b00000, 0x0000000089b00000|100%| O|  |TAMS 0x0000000089a00000| PB 0x0000000089a00000| Untracked 
| 155|0x0000000089b00000, 0x0000000089c00000, 0x0000000089c00000|100%| O|  |TAMS 0x0000000089b00000| PB 0x0000000089b00000| Untracked 
| 156|0x0000000089c00000, 0x0000000089d00000, 0x0000000089d00000|100%| S|CS|TAMS 0x0000000089c00000| PB 0x0000000089c00000| Complete 
| 157|0x0000000089d00000, 0x0000000089e00000, 0x0000000089e00000|100%| S|CS|TAMS 0x0000000089d00000| PB 0x0000000089d00000| Complete 
| 158|0x0000000089e00000, 0x0000000089f00000, 0x0000000089f00000|100%| O|  |TAMS 0x0000000089e00000| PB 0x0000000089e00000| Untracked 
| 159|0x0000000089f00000, 0x000000008a000000, 0x000000008a000000|100%| S|CS|TAMS 0x0000000089f00000| PB 0x0000000089f00000| Complete 
| 160|0x000000008a000000, 0x000000008a100000, 0x000000008a100000|100%| O|  |TAMS 0x000000008a000000| PB 0x000000008a000000| Untracked 
| 161|0x000000008a100000, 0x000000008a200000, 0x000000008a200000|100%| O|  |TAMS 0x000000008a100000| PB 0x000000008a100000| Untracked 
| 162|0x000000008a200000, 0x000000008a300000, 0x000000008a300000|100%| O|  |TAMS 0x000000008a200000| PB 0x000000008a200000| Untracked 
| 163|0x000000008a300000, 0x000000008a400000, 0x000000008a400000|100%| S|CS|TAMS 0x000000008a300000| PB 0x000000008a300000| Complete 
| 164|0x000000008a400000, 0x000000008a500000, 0x000000008a500000|100%| S|CS|TAMS 0x000000008a400000| PB 0x000000008a400000| Complete 
| 165|0x000000008a500000, 0x000000008a600000, 0x000000008a600000|100%| S|CS|TAMS 0x000000008a500000| PB 0x000000008a500000| Complete 
| 166|0x000000008a600000, 0x000000008a700000, 0x000000008a700000|100%| S|CS|TAMS 0x000000008a600000| PB 0x000000008a600000| Complete 
| 167|0x000000008a700000, 0x000000008a700000, 0x000000008a800000|  0%| F|  |TAMS 0x000000008a700000| PB 0x000000008a700000| Untracked 
| 168|0x000000008a800000, 0x000000008a900000, 0x000000008a900000|100%| O|  |TAMS 0x000000008a800000| PB 0x000000008a800000| Untracked 
| 169|0x000000008a900000, 0x000000008aa00000, 0x000000008aa00000|100%| O|  |TAMS 0x000000008a900000| PB 0x000000008a900000| Untracked 
| 170|0x000000008aa00000, 0x000000008ab00000, 0x000000008ab00000|100%| O|  |TAMS 0x000000008aa00000| PB 0x000000008aa00000| Untracked 
| 171|0x000000008ab00000, 0x000000008ab00000, 0x000000008ac00000|  0%| F|  |TAMS 0x000000008ab00000| PB 0x000000008ab00000| Untracked 
| 172|0x000000008ac00000, 0x000000008ac00000, 0x000000008ad00000|  0%| F|  |TAMS 0x000000008ac00000| PB 0x000000008ac00000| Untracked 
| 173|0x000000008ad00000, 0x000000008ad00000, 0x000000008ae00000|  0%| F|  |TAMS 0x000000008ad00000| PB 0x000000008ad00000| Untracked 
| 174|0x000000008ae00000, 0x000000008ae00000, 0x000000008af00000|  0%| F|  |TAMS 0x000000008ae00000| PB 0x000000008ae00000| Untracked 
| 175|0x000000008af00000, 0x000000008af00000, 0x000000008b000000|  0%| F|  |TAMS 0x000000008af00000| PB 0x000000008af00000| Untracked 
| 176|0x000000008b000000, 0x000000008b100000, 0x000000008b100000|100%| O|  |TAMS 0x000000008b000000| PB 0x000000008b000000| Untracked 
| 177|0x000000008b100000, 0x000000008b100000, 0x000000008b200000|  0%| F|  |TAMS 0x000000008b100000| PB 0x000000008b100000| Untracked 
| 178|0x000000008b200000, 0x000000008b200000, 0x000000008b300000|  0%| F|  |TAMS 0x000000008b200000| PB 0x000000008b200000| Untracked 
| 179|0x000000008b300000, 0x000000008b400000, 0x000000008b400000|100%| O|  |TAMS 0x000000008b300000| PB 0x000000008b300000| Untracked 
| 180|0x000000008b400000, 0x000000008b500000, 0x000000008b500000|100%| O|  |TAMS 0x000000008b400000| PB 0x000000008b400000| Untracked 
| 181|0x000000008b500000, 0x000000008b500000, 0x000000008b600000|  0%| F|  |TAMS 0x000000008b500000| PB 0x000000008b500000| Untracked 
| 182|0x000000008b600000, 0x000000008b700000, 0x000000008b700000|100%| O|  |TAMS 0x000000008b600000| PB 0x000000008b600000| Untracked 
| 183|0x000000008b700000, 0x000000008b700000, 0x000000008b800000|  0%| F|  |TAMS 0x000000008b700000| PB 0x000000008b700000| Untracked 
| 184|0x000000008b800000, 0x000000008b900000, 0x000000008b900000|100%| O|  |TAMS 0x000000008b800000| PB 0x000000008b800000| Untracked 
| 185|0x000000008b900000, 0x000000008ba00000, 0x000000008ba00000|100%| O|  |TAMS 0x000000008b900000| PB 0x000000008b900000| Untracked 
| 186|0x000000008ba00000, 0x000000008ba00000, 0x000000008bb00000|  0%| F|  |TAMS 0x000000008ba00000| PB 0x000000008ba00000| Untracked 
| 187|0x000000008bb00000, 0x000000008bb00000, 0x000000008bc00000|  0%| F|  |TAMS 0x000000008bb00000| PB 0x000000008bb00000| Untracked 
| 188|0x000000008bc00000, 0x000000008bc00000, 0x000000008bd00000|  0%| F|  |TAMS 0x000000008bc00000| PB 0x000000008bc00000| Untracked 
| 189|0x000000008bd00000, 0x000000008bd00000, 0x000000008be00000|  0%| F|  |TAMS 0x000000008bd00000| PB 0x000000008bd00000| Untracked 
| 190|0x000000008be00000, 0x000000008be00000, 0x000000008bf00000|  0%| F|  |TAMS 0x000000008be00000| PB 0x000000008be00000| Untracked 
| 191|0x000000008bf00000, 0x000000008bf00000, 0x000000008c000000|  0%| F|  |TAMS 0x000000008bf00000| PB 0x000000008bf00000| Untracked 
| 192|0x000000008c000000, 0x000000008c000000, 0x000000008c100000|  0%| F|  |TAMS 0x000000008c000000| PB 0x000000008c000000| Untracked 
| 193|0x000000008c100000, 0x000000008c100000, 0x000000008c200000|  0%| F|  |TAMS 0x000000008c100000| PB 0x000000008c100000| Untracked 
| 194|0x000000008c200000, 0x000000008c200000, 0x000000008c300000|  0%| F|  |TAMS 0x000000008c200000| PB 0x000000008c200000| Untracked 
| 195|0x000000008c300000, 0x000000008c300000, 0x000000008c400000|  0%| F|  |TAMS 0x000000008c300000| PB 0x000000008c300000| Untracked 
| 196|0x000000008c400000, 0x000000008c400000, 0x000000008c500000|  0%| F|  |TAMS 0x000000008c400000| PB 0x000000008c400000| Untracked 
| 197|0x000000008c500000, 0x000000008c500000, 0x000000008c600000|  0%| F|  |TAMS 0x000000008c500000| PB 0x000000008c500000| Untracked 
| 198|0x000000008c600000, 0x000000008c600000, 0x000000008c700000|  0%| F|  |TAMS 0x000000008c600000| PB 0x000000008c600000| Untracked 
| 199|0x000000008c700000, 0x000000008c700000, 0x000000008c800000|  0%| F|  |TAMS 0x000000008c700000| PB 0x000000008c700000| Untracked 
| 200|0x000000008c800000, 0x000000008c900000, 0x000000008c900000|100%| O|  |TAMS 0x000000008c800000| PB 0x000000008c800000| Untracked 
| 201|0x000000008c900000, 0x000000008ca00000, 0x000000008ca00000|100%| O|  |TAMS 0x000000008c900000| PB 0x000000008c900000| Untracked 
| 202|0x000000008ca00000, 0x000000008cb00000, 0x000000008cb00000|100%| O|  |TAMS 0x000000008ca00000| PB 0x000000008ca00000| Untracked 
| 203|0x000000008cb00000, 0x000000008cb00000, 0x000000008cc00000|  0%| F|  |TAMS 0x000000008cb00000| PB 0x000000008cb00000| Untracked 
| 204|0x000000008cc00000, 0x000000008cc00000, 0x000000008cd00000|  0%| F|  |TAMS 0x000000008cc00000| PB 0x000000008cc00000| Untracked 
| 205|0x000000008cd00000, 0x000000008ce00000, 0x000000008ce00000|100%| O|  |TAMS 0x000000008cd00000| PB 0x000000008cd00000| Untracked 
| 206|0x000000008ce00000, 0x000000008cf00000, 0x000000008cf00000|100%| O|  |TAMS 0x000000008ce00000| PB 0x000000008ce00000| Untracked 
| 207|0x000000008cf00000, 0x000000008d000000, 0x000000008d000000|100%| O|  |TAMS 0x000000008cf00000| PB 0x000000008cf00000| Untracked 
| 208|0x000000008d000000, 0x000000008d100000, 0x000000008d100000|100%| O|  |TAMS 0x000000008d000000| PB 0x000000008d000000| Untracked 
| 209|0x000000008d100000, 0x000000008d200000, 0x000000008d200000|100%| O|  |TAMS 0x000000008d100000| PB 0x000000008d100000| Untracked 
| 210|0x000000008d200000, 0x000000008d300000, 0x000000008d300000|100%| O|  |TAMS 0x000000008d200000| PB 0x000000008d200000| Untracked 
| 211|0x000000008d300000, 0x000000008d400000, 0x000000008d400000|100%| O|  |TAMS 0x000000008d300000| PB 0x000000008d300000| Untracked 
| 212|0x000000008d400000, 0x000000008d500000, 0x000000008d500000|100%| O|  |TAMS 0x000000008d400000| PB 0x000000008d400000| Untracked 
| 213|0x000000008d500000, 0x000000008d500000, 0x000000008d600000|  0%| F|  |TAMS 0x000000008d500000| PB 0x000000008d500000| Untracked 
| 214|0x000000008d600000, 0x000000008d600000, 0x000000008d700000|  0%| F|  |TAMS 0x000000008d600000| PB 0x000000008d600000| Untracked 
| 215|0x000000008d700000, 0x000000008d700000, 0x000000008d800000|  0%| F|  |TAMS 0x000000008d700000| PB 0x000000008d700000| Untracked 
| 216|0x000000008d800000, 0x000000008d800000, 0x000000008d900000|  0%| F|  |TAMS 0x000000008d800000| PB 0x000000008d800000| Untracked 
| 217|0x000000008d900000, 0x000000008d900000, 0x000000008da00000|  0%| F|  |TAMS 0x000000008d900000| PB 0x000000008d900000| Untracked 
| 218|0x000000008da00000, 0x000000008da00000, 0x000000008db00000|  0%| F|  |TAMS 0x000000008da00000| PB 0x000000008da00000| Untracked 
| 219|0x000000008db00000, 0x000000008db00000, 0x000000008dc00000|  0%| F|  |TAMS 0x000000008db00000| PB 0x000000008db00000| Untracked 
| 220|0x000000008dc00000, 0x000000008dc00000, 0x000000008dd00000|  0%| F|  |TAMS 0x000000008dc00000| PB 0x000000008dc00000| Untracked 
| 221|0x000000008dd00000, 0x000000008dd00000, 0x000000008de00000|  0%| F|  |TAMS 0x000000008dd00000| PB 0x000000008dd00000| Untracked 
| 222|0x000000008de00000, 0x000000008de00000, 0x000000008df00000|  0%| F|  |TAMS 0x000000008de00000| PB 0x000000008de00000| Untracked 
| 223|0x000000008df00000, 0x000000008df00000, 0x000000008e000000|  0%| F|  |TAMS 0x000000008df00000| PB 0x000000008df00000| Untracked 
| 224|0x000000008e000000, 0x000000008e000000, 0x000000008e100000|  0%| F|  |TAMS 0x000000008e000000| PB 0x000000008e000000| Untracked 
| 225|0x000000008e100000, 0x000000008e100000, 0x000000008e200000|  0%| F|  |TAMS 0x000000008e100000| PB 0x000000008e100000| Untracked 
| 226|0x000000008e200000, 0x000000008e200000, 0x000000008e300000|  0%| F|  |TAMS 0x000000008e200000| PB 0x000000008e200000| Untracked 
| 227|0x000000008e300000, 0x000000008e300000, 0x000000008e400000|  0%| F|  |TAMS 0x000000008e300000| PB 0x000000008e300000| Untracked 
| 228|0x000000008e400000, 0x000000008e400000, 0x000000008e500000|  0%| F|  |TAMS 0x000000008e400000| PB 0x000000008e400000| Untracked 
| 229|0x000000008e500000, 0x000000008e500000, 0x000000008e600000|  0%| F|  |TAMS 0x000000008e500000| PB 0x000000008e500000| Untracked 
| 230|0x000000008e600000, 0x000000008e600000, 0x000000008e700000|  0%| F|  |TAMS 0x000000008e600000| PB 0x000000008e600000| Untracked 
| 231|0x000000008e700000, 0x000000008e700000, 0x000000008e800000|  0%| F|  |TAMS 0x000000008e700000| PB 0x000000008e700000| Untracked 
| 232|0x000000008e800000, 0x000000008e800000, 0x000000008e900000|  0%| F|  |TAMS 0x000000008e800000| PB 0x000000008e800000| Untracked 
| 233|0x000000008e900000, 0x000000008e900000, 0x000000008ea00000|  0%| F|  |TAMS 0x000000008e900000| PB 0x000000008e900000| Untracked 
| 234|0x000000008ea00000, 0x000000008ea00000, 0x000000008eb00000|  0%| F|  |TAMS 0x000000008ea00000| PB 0x000000008ea00000| Untracked 
| 235|0x000000008eb00000, 0x000000008eb00000, 0x000000008ec00000|  0%| F|  |TAMS 0x000000008eb00000| PB 0x000000008eb00000| Untracked 
| 236|0x000000008ec00000, 0x000000008ec00000, 0x000000008ed00000|  0%| F|  |TAMS 0x000000008ec00000| PB 0x000000008ec00000| Untracked 
| 237|0x000000008ed00000, 0x000000008ed00000, 0x000000008ee00000|  0%| F|  |TAMS 0x000000008ed00000| PB 0x000000008ed00000| Untracked 
| 238|0x000000008ee00000, 0x000000008ee00000, 0x000000008ef00000|  0%| F|  |TAMS 0x000000008ee00000| PB 0x000000008ee00000| Untracked 
| 239|0x000000008ef00000, 0x000000008ef00000, 0x000000008f000000|  0%| F|  |TAMS 0x000000008ef00000| PB 0x000000008ef00000| Untracked 
| 240|0x000000008f000000, 0x000000008f000000, 0x000000008f100000|  0%| F|  |TAMS 0x000000008f000000| PB 0x000000008f000000| Untracked 
| 241|0x000000008f100000, 0x000000008f100000, 0x000000008f200000|  0%| F|  |TAMS 0x000000008f100000| PB 0x000000008f100000| Untracked 
| 242|0x000000008f200000, 0x000000008f200000, 0x000000008f300000|  0%| F|  |TAMS 0x000000008f200000| PB 0x000000008f200000| Untracked 
| 243|0x000000008f300000, 0x000000008f300000, 0x000000008f400000|  0%| F|  |TAMS 0x000000008f300000| PB 0x000000008f300000| Untracked 
| 244|0x000000008f400000, 0x000000008f400000, 0x000000008f500000|  0%| F|  |TAMS 0x000000008f400000| PB 0x000000008f400000| Untracked 
| 245|0x000000008f500000, 0x000000008f500000, 0x000000008f600000|  0%| F|  |TAMS 0x000000008f500000| PB 0x000000008f500000| Untracked 
| 246|0x000000008f600000, 0x000000008f600000, 0x000000008f700000|  0%| F|  |TAMS 0x000000008f600000| PB 0x000000008f600000| Untracked 
| 247|0x000000008f700000, 0x000000008f700000, 0x000000008f800000|  0%| F|  |TAMS 0x000000008f700000| PB 0x000000008f700000| Untracked 
| 248|0x000000008f800000, 0x000000008f800000, 0x000000008f900000|  0%| F|  |TAMS 0x000000008f800000| PB 0x000000008f800000| Untracked 
| 249|0x000000008f900000, 0x000000008f900000, 0x000000008fa00000|  0%| F|  |TAMS 0x000000008f900000| PB 0x000000008f900000| Untracked 
| 250|0x000000008fa00000, 0x000000008fa00000, 0x000000008fb00000|  0%| F|  |TAMS 0x000000008fa00000| PB 0x000000008fa00000| Untracked 
| 251|0x000000008fb00000, 0x000000008fb00000, 0x000000008fc00000|  0%| F|  |TAMS 0x000000008fb00000| PB 0x000000008fb00000| Untracked 
| 252|0x000000008fc00000, 0x000000008fc00000, 0x000000008fd00000|  0%| F|  |TAMS 0x000000008fc00000| PB 0x000000008fc00000| Untracked 
| 253|0x000000008fd00000, 0x000000008fd00000, 0x000000008fe00000|  0%| F|  |TAMS 0x000000008fd00000| PB 0x000000008fd00000| Untracked 
| 254|0x000000008fe00000, 0x000000008fe00000, 0x000000008ff00000|  0%| F|  |TAMS 0x000000008fe00000| PB 0x000000008fe00000| Untracked 
| 255|0x000000008ff00000, 0x000000008ff00000, 0x0000000090000000|  0%| F|  |TAMS 0x000000008ff00000| PB 0x000000008ff00000| Untracked 
| 256|0x0000000090000000, 0x0000000090000000, 0x0000000090100000|  0%| F|  |TAMS 0x0000000090000000| PB 0x0000000090000000| Untracked 
| 257|0x0000000090100000, 0x0000000090100000, 0x0000000090200000|  0%| F|  |TAMS 0x0000000090100000| PB 0x0000000090100000| Untracked 
| 258|0x0000000090200000, 0x0000000090200000, 0x0000000090300000|  0%| F|  |TAMS 0x0000000090200000| PB 0x0000000090200000| Untracked 
| 259|0x0000000090300000, 0x0000000090300000, 0x0000000090400000|  0%| F|  |TAMS 0x0000000090300000| PB 0x0000000090300000| Untracked 
| 260|0x0000000090400000, 0x0000000090400000, 0x0000000090500000|  0%| F|  |TAMS 0x0000000090400000| PB 0x0000000090400000| Untracked 
| 261|0x0000000090500000, 0x0000000090500000, 0x0000000090600000|  0%| F|  |TAMS 0x0000000090500000| PB 0x0000000090500000| Untracked 
| 262|0x0000000090600000, 0x0000000090600000, 0x0000000090700000|  0%| F|  |TAMS 0x0000000090600000| PB 0x0000000090600000| Untracked 
| 263|0x0000000090700000, 0x0000000090700000, 0x0000000090800000|  0%| F|  |TAMS 0x0000000090700000| PB 0x0000000090700000| Untracked 
| 264|0x0000000090800000, 0x0000000090800000, 0x0000000090900000|  0%| F|  |TAMS 0x0000000090800000| PB 0x0000000090800000| Untracked 
| 265|0x0000000090900000, 0x0000000090900000, 0x0000000090a00000|  0%| F|  |TAMS 0x0000000090900000| PB 0x0000000090900000| Untracked 
| 266|0x0000000090a00000, 0x0000000090a00000, 0x0000000090b00000|  0%| F|  |TAMS 0x0000000090a00000| PB 0x0000000090a00000| Untracked 
| 267|0x0000000090b00000, 0x0000000090b00000, 0x0000000090c00000|  0%| F|  |TAMS 0x0000000090b00000| PB 0x0000000090b00000| Untracked 
| 268|0x0000000090c00000, 0x0000000090c00000, 0x0000000090d00000|  0%| F|  |TAMS 0x0000000090c00000| PB 0x0000000090c00000| Untracked 
| 269|0x0000000090d00000, 0x0000000090d00000, 0x0000000090e00000|  0%| F|  |TAMS 0x0000000090d00000| PB 0x0000000090d00000| Untracked 
| 270|0x0000000090e00000, 0x0000000090e00000, 0x0000000090f00000|  0%| F|  |TAMS 0x0000000090e00000| PB 0x0000000090e00000| Untracked 
| 271|0x0000000090f00000, 0x0000000090f00000, 0x0000000091000000|  0%| F|  |TAMS 0x0000000090f00000| PB 0x0000000090f00000| Untracked 
| 272|0x0000000091000000, 0x0000000091000000, 0x0000000091100000|  0%| F|  |TAMS 0x0000000091000000| PB 0x0000000091000000| Untracked 
| 273|0x0000000091100000, 0x0000000091100000, 0x0000000091200000|  0%| F|  |TAMS 0x0000000091100000| PB 0x0000000091100000| Untracked 
| 274|0x0000000091200000, 0x0000000091200000, 0x0000000091300000|  0%| F|  |TAMS 0x0000000091200000| PB 0x0000000091200000| Untracked 
| 275|0x0000000091300000, 0x0000000091300000, 0x0000000091400000|  0%| F|  |TAMS 0x0000000091300000| PB 0x0000000091300000| Untracked 
| 276|0x0000000091400000, 0x0000000091400000, 0x0000000091500000|  0%| F|  |TAMS 0x0000000091400000| PB 0x0000000091400000| Untracked 
| 277|0x0000000091500000, 0x0000000091500000, 0x0000000091600000|  0%| F|  |TAMS 0x0000000091500000| PB 0x0000000091500000| Untracked 
| 278|0x0000000091600000, 0x0000000091600000, 0x0000000091700000|  0%| F|  |TAMS 0x0000000091600000| PB 0x0000000091600000| Untracked 
| 279|0x0000000091700000, 0x0000000091700000, 0x0000000091800000|  0%| F|  |TAMS 0x0000000091700000| PB 0x0000000091700000| Untracked 
| 280|0x0000000091800000, 0x0000000091800000, 0x0000000091900000|  0%| F|  |TAMS 0x0000000091800000| PB 0x0000000091800000| Untracked 
| 281|0x0000000091900000, 0x0000000091900000, 0x0000000091a00000|  0%| F|  |TAMS 0x0000000091900000| PB 0x0000000091900000| Untracked 
| 282|0x0000000091a00000, 0x0000000091a00000, 0x0000000091b00000|  0%| F|  |TAMS 0x0000000091a00000| PB 0x0000000091a00000| Untracked 
| 283|0x0000000091b00000, 0x0000000091b00000, 0x0000000091c00000|  0%| F|  |TAMS 0x0000000091b00000| PB 0x0000000091b00000| Untracked 
| 284|0x0000000091c00000, 0x0000000091c00000, 0x0000000091d00000|  0%| F|  |TAMS 0x0000000091c00000| PB 0x0000000091c00000| Untracked 
| 285|0x0000000091d00000, 0x0000000091d00000, 0x0000000091e00000|  0%| F|  |TAMS 0x0000000091d00000| PB 0x0000000091d00000| Untracked 
| 286|0x0000000091e00000, 0x0000000091e00000, 0x0000000091f00000|  0%| F|  |TAMS 0x0000000091e00000| PB 0x0000000091e00000| Untracked 
| 287|0x0000000091f00000, 0x0000000091f00000, 0x0000000092000000|  0%| F|  |TAMS 0x0000000091f00000| PB 0x0000000091f00000| Untracked 
| 288|0x0000000092000000, 0x0000000092000000, 0x0000000092100000|  0%| F|  |TAMS 0x0000000092000000| PB 0x0000000092000000| Untracked 
| 289|0x0000000092100000, 0x0000000092100000, 0x0000000092200000|  0%| F|  |TAMS 0x0000000092100000| PB 0x0000000092100000| Untracked 
| 290|0x0000000092200000, 0x0000000092200000, 0x0000000092300000|  0%| F|  |TAMS 0x0000000092200000| PB 0x0000000092200000| Untracked 
| 291|0x0000000092300000, 0x0000000092300000, 0x0000000092400000|  0%| F|  |TAMS 0x0000000092300000| PB 0x0000000092300000| Untracked 
| 292|0x0000000092400000, 0x0000000092400000, 0x0000000092500000|  0%| F|  |TAMS 0x0000000092400000| PB 0x0000000092400000| Untracked 
| 293|0x0000000092500000, 0x0000000092500000, 0x0000000092600000|  0%| F|  |TAMS 0x0000000092500000| PB 0x0000000092500000| Untracked 
| 294|0x0000000092600000, 0x0000000092600000, 0x0000000092700000|  0%| F|  |TAMS 0x0000000092600000| PB 0x0000000092600000| Untracked 
| 295|0x0000000092700000, 0x0000000092700000, 0x0000000092800000|  0%| F|  |TAMS 0x0000000092700000| PB 0x0000000092700000| Untracked 
| 296|0x0000000092800000, 0x0000000092800000, 0x0000000092900000|  0%| F|  |TAMS 0x0000000092800000| PB 0x0000000092800000| Untracked 
| 297|0x0000000092900000, 0x0000000092900000, 0x0000000092a00000|  0%| F|  |TAMS 0x0000000092900000| PB 0x0000000092900000| Untracked 
| 298|0x0000000092a00000, 0x0000000092a00000, 0x0000000092b00000|  0%| F|  |TAMS 0x0000000092a00000| PB 0x0000000092a00000| Untracked 
| 299|0x0000000092b00000, 0x0000000092b00000, 0x0000000092c00000|  0%| F|  |TAMS 0x0000000092b00000| PB 0x0000000092b00000| Untracked 
| 300|0x0000000092c00000, 0x0000000092c00000, 0x0000000092d00000|  0%| F|  |TAMS 0x0000000092c00000| PB 0x0000000092c00000| Untracked 
| 301|0x0000000092d00000, 0x0000000092d00000, 0x0000000092e00000|  0%| F|  |TAMS 0x0000000092d00000| PB 0x0000000092d00000| Untracked 
| 302|0x0000000092e00000, 0x0000000092e00000, 0x0000000092f00000|  0%| F|  |TAMS 0x0000000092e00000| PB 0x0000000092e00000| Untracked 
| 303|0x0000000092f00000, 0x0000000092f00000, 0x0000000093000000|  0%| F|  |TAMS 0x0000000092f00000| PB 0x0000000092f00000| Untracked 
| 304|0x0000000093000000, 0x0000000093000000, 0x0000000093100000|  0%| F|  |TAMS 0x0000000093000000| PB 0x0000000093000000| Untracked 
| 305|0x0000000093100000, 0x0000000093100000, 0x0000000093200000|  0%| F|  |TAMS 0x0000000093100000| PB 0x0000000093100000| Untracked 
| 306|0x0000000093200000, 0x0000000093200000, 0x0000000093300000|  0%| F|  |TAMS 0x0000000093200000| PB 0x0000000093200000| Untracked 
| 307|0x0000000093300000, 0x0000000093300000, 0x0000000093400000|  0%| F|  |TAMS 0x0000000093300000| PB 0x0000000093300000| Untracked 
| 308|0x0000000093400000, 0x0000000093400000, 0x0000000093500000|  0%| F|  |TAMS 0x0000000093400000| PB 0x0000000093400000| Untracked 
| 309|0x0000000093500000, 0x0000000093500000, 0x0000000093600000|  0%| F|  |TAMS 0x0000000093500000| PB 0x0000000093500000| Untracked 
| 310|0x0000000093600000, 0x0000000093600000, 0x0000000093700000|  0%| F|  |TAMS 0x0000000093600000| PB 0x0000000093600000| Untracked 
| 311|0x0000000093700000, 0x0000000093700000, 0x0000000093800000|  0%| F|  |TAMS 0x0000000093700000| PB 0x0000000093700000| Untracked 
| 312|0x0000000093800000, 0x0000000093800000, 0x0000000093900000|  0%| F|  |TAMS 0x0000000093800000| PB 0x0000000093800000| Untracked 
| 313|0x0000000093900000, 0x0000000093900000, 0x0000000093a00000|  0%| F|  |TAMS 0x0000000093900000| PB 0x0000000093900000| Untracked 
| 314|0x0000000093a00000, 0x0000000093a00000, 0x0000000093b00000|  0%| F|  |TAMS 0x0000000093a00000| PB 0x0000000093a00000| Untracked 
| 315|0x0000000093b00000, 0x0000000093b00000, 0x0000000093c00000|  0%| F|  |TAMS 0x0000000093b00000| PB 0x0000000093b00000| Untracked 
| 316|0x0000000093c00000, 0x0000000093c00000, 0x0000000093d00000|  0%| F|  |TAMS 0x0000000093c00000| PB 0x0000000093c00000| Untracked 
| 317|0x0000000093d00000, 0x0000000093d00000, 0x0000000093e00000|  0%| F|  |TAMS 0x0000000093d00000| PB 0x0000000093d00000| Untracked 
| 318|0x0000000093e00000, 0x0000000093e00000, 0x0000000093f00000|  0%| F|  |TAMS 0x0000000093e00000| PB 0x0000000093e00000| Untracked 
| 319|0x0000000093f00000, 0x0000000093f00000, 0x0000000094000000|  0%| F|  |TAMS 0x0000000093f00000| PB 0x0000000093f00000| Untracked 
| 320|0x0000000094000000, 0x0000000094000000, 0x0000000094100000|  0%| F|  |TAMS 0x0000000094000000| PB 0x0000000094000000| Untracked 
| 321|0x0000000094100000, 0x0000000094100000, 0x0000000094200000|  0%| F|  |TAMS 0x0000000094100000| PB 0x0000000094100000| Untracked 
| 322|0x0000000094200000, 0x0000000094200000, 0x0000000094300000|  0%| F|  |TAMS 0x0000000094200000| PB 0x0000000094200000| Untracked 
| 323|0x0000000094300000, 0x0000000094300000, 0x0000000094400000|  0%| F|  |TAMS 0x0000000094300000| PB 0x0000000094300000| Untracked 
| 324|0x0000000094400000, 0x0000000094400000, 0x0000000094500000|  0%| F|  |TAMS 0x0000000094400000| PB 0x0000000094400000| Untracked 
| 325|0x0000000094500000, 0x0000000094500000, 0x0000000094600000|  0%| F|  |TAMS 0x0000000094500000| PB 0x0000000094500000| Untracked 
| 326|0x0000000094600000, 0x0000000094600000, 0x0000000094700000|  0%| F|  |TAMS 0x0000000094600000| PB 0x0000000094600000| Untracked 
| 327|0x0000000094700000, 0x0000000094700000, 0x0000000094800000|  0%| F|  |TAMS 0x0000000094700000| PB 0x0000000094700000| Untracked 
| 328|0x0000000094800000, 0x0000000094800000, 0x0000000094900000|  0%| F|  |TAMS 0x0000000094800000| PB 0x0000000094800000| Untracked 
| 329|0x0000000094900000, 0x0000000094900000, 0x0000000094a00000|  0%| F|  |TAMS 0x0000000094900000| PB 0x0000000094900000| Untracked 
| 330|0x0000000094a00000, 0x0000000094a00000, 0x0000000094b00000|  0%| F|  |TAMS 0x0000000094a00000| PB 0x0000000094a00000| Untracked 
| 331|0x0000000094b00000, 0x0000000094b00000, 0x0000000094c00000|  0%| F|  |TAMS 0x0000000094b00000| PB 0x0000000094b00000| Untracked 
| 332|0x0000000094c00000, 0x0000000094c00000, 0x0000000094d00000|  0%| F|  |TAMS 0x0000000094c00000| PB 0x0000000094c00000| Untracked 
| 333|0x0000000094d00000, 0x0000000094d00000, 0x0000000094e00000|  0%| F|  |TAMS 0x0000000094d00000| PB 0x0000000094d00000| Untracked 
| 334|0x0000000094e00000, 0x0000000094e00000, 0x0000000094f00000|  0%| F|  |TAMS 0x0000000094e00000| PB 0x0000000094e00000| Untracked 
| 335|0x0000000094f00000, 0x0000000094f00000, 0x0000000095000000|  0%| F|  |TAMS 0x0000000094f00000| PB 0x0000000094f00000| Untracked 
| 336|0x0000000095000000, 0x0000000095000000, 0x0000000095100000|  0%| F|  |TAMS 0x0000000095000000| PB 0x0000000095000000| Untracked 
| 337|0x0000000095100000, 0x0000000095100000, 0x0000000095200000|  0%| F|  |TAMS 0x0000000095100000| PB 0x0000000095100000| Untracked 
| 338|0x0000000095200000, 0x0000000095200000, 0x0000000095300000|  0%| F|  |TAMS 0x0000000095200000| PB 0x0000000095200000| Untracked 
| 339|0x0000000095300000, 0x0000000095300000, 0x0000000095400000|  0%| F|  |TAMS 0x0000000095300000| PB 0x0000000095300000| Untracked 
| 340|0x0000000095400000, 0x0000000095400000, 0x0000000095500000|  0%| F|  |TAMS 0x0000000095400000| PB 0x0000000095400000| Untracked 
| 341|0x0000000095500000, 0x0000000095500000, 0x0000000095600000|  0%| F|  |TAMS 0x0000000095500000| PB 0x0000000095500000| Untracked 
| 342|0x0000000095600000, 0x0000000095600000, 0x0000000095700000|  0%| F|  |TAMS 0x0000000095600000| PB 0x0000000095600000| Untracked 
| 343|0x0000000095700000, 0x0000000095700000, 0x0000000095800000|  0%| F|  |TAMS 0x0000000095700000| PB 0x0000000095700000| Untracked 
|2021|0x00000000fe500000, 0x00000000fe600000, 0x00000000fe600000|100%| O|  |TAMS 0x00000000fe500000| PB 0x00000000fe500000| Untracked 
|2022|0x00000000fe600000, 0x00000000fe700000, 0x00000000fe700000|100%| O|  |TAMS 0x00000000fe600000| PB 0x00000000fe600000| Untracked 
|2023|0x00000000fe700000, 0x00000000fe700000, 0x00000000fe800000|  0%| F|  |TAMS 0x00000000fe700000| PB 0x00000000fe700000| Untracked 
|2024|0x00000000fe800000, 0x00000000fe800000, 0x00000000fe900000|  0%| F|  |TAMS 0x00000000fe800000| PB 0x00000000fe800000| Untracked 
|2025|0x00000000fe900000, 0x00000000fe900000, 0x00000000fea00000|  0%| F|  |TAMS 0x00000000fe900000| PB 0x00000000fe900000| Untracked 
|2026|0x00000000fea00000, 0x00000000fea00000, 0x00000000feb00000|  0%| F|  |TAMS 0x00000000fea00000| PB 0x00000000fea00000| Untracked 
|2027|0x00000000feb00000, 0x00000000feb00000, 0x00000000fec00000|  0%| F|  |TAMS 0x00000000feb00000| PB 0x00000000feb00000| Untracked 
|2028|0x00000000fec00000, 0x00000000fec00000, 0x00000000fed00000|  0%| F|  |TAMS 0x00000000fec00000| PB 0x00000000fec00000| Untracked 
|2029|0x00000000fed00000, 0x00000000fed00000, 0x00000000fee00000|  0%| F|  |TAMS 0x00000000fed00000| PB 0x00000000fed00000| Untracked 
|2030|0x00000000fee00000, 0x00000000fee00000, 0x00000000fef00000|  0%| F|  |TAMS 0x00000000fee00000| PB 0x00000000fee00000| Untracked 
|2031|0x00000000fef00000, 0x00000000fef00000, 0x00000000ff000000|  0%| F|  |TAMS 0x00000000fef00000| PB 0x00000000fef00000| Untracked 
|2032|0x00000000ff000000, 0x00000000ff000000, 0x00000000ff100000|  0%| F|  |TAMS 0x00000000ff000000| PB 0x00000000ff000000| Untracked 
|2033|0x00000000ff100000, 0x00000000ff100000, 0x00000000ff200000|  0%| F|  |TAMS 0x00000000ff100000| PB 0x00000000ff100000| Untracked 
|2034|0x00000000ff200000, 0x00000000ff200000, 0x00000000ff300000|  0%| F|  |TAMS 0x00000000ff200000| PB 0x00000000ff200000| Untracked 
|2035|0x00000000ff300000, 0x00000000ff300000, 0x00000000ff400000|  0%| F|  |TAMS 0x00000000ff300000| PB 0x00000000ff300000| Untracked 
|2036|0x00000000ff400000, 0x00000000ff400000, 0x00000000ff500000|  0%| F|  |TAMS 0x00000000ff400000| PB 0x00000000ff400000| Untracked 
|2037|0x00000000ff500000, 0x00000000ff500000, 0x00000000ff600000|  0%| F|  |TAMS 0x00000000ff500000| PB 0x00000000ff500000| Untracked 
|2038|0x00000000ff600000, 0x00000000ff600000, 0x00000000ff700000|  0%| F|  |TAMS 0x00000000ff600000| PB 0x00000000ff600000| Untracked 
|2039|0x00000000ff700000, 0x00000000ff700000, 0x00000000ff800000|  0%| F|  |TAMS 0x00000000ff700000| PB 0x00000000ff700000| Untracked 
|2040|0x00000000ff800000, 0x00000000ff800000, 0x00000000ff900000|  0%| F|  |TAMS 0x00000000ff800000| PB 0x00000000ff800000| Untracked 
|2041|0x00000000ff900000, 0x00000000ff900000, 0x00000000ffa00000|  0%| F|  |TAMS 0x00000000ff900000| PB 0x00000000ff900000| Untracked 
|2042|0x00000000ffa00000, 0x00000000ffa00000, 0x00000000ffb00000|  0%| F|  |TAMS 0x00000000ffa00000| PB 0x00000000ffa00000| Untracked 
|2043|0x00000000ffb00000, 0x00000000ffb00000, 0x00000000ffc00000|  0%| F|  |TAMS 0x00000000ffb00000| PB 0x00000000ffb00000| Untracked 
|2044|0x00000000ffc00000, 0x00000000ffd00000, 0x00000000ffd00000|100%| O|  |TAMS 0x00000000ffc00000| PB 0x00000000ffc00000| Untracked 
|2045|0x00000000ffd00000, 0x00000000ffd00000, 0x00000000ffe00000|  0%| F|  |TAMS 0x00000000ffd00000| PB 0x00000000ffd00000| Untracked 
|2046|0x00000000ffe00000, 0x00000000fff00000, 0x00000000fff00000|100%| O|  |TAMS 0x00000000ffe00000| PB 0x00000000ffe00000| Untracked 
|2047|0x00000000fff00000, 0x0000000100000000, 0x0000000100000000|100%| O|  |TAMS 0x00000000fff00000| PB 0x00000000fff00000| Untracked 

Card table byte_map: [0x00000208683e0000,0x00000208687e0000] _byte_map_base: 0x0000020867fe0000

Marking Bits: (CMBitMap*) 0x0000020855bb4b50
 Bits: [0x00000208687e0000, 0x000002086a7e0000)

Polling page: 0x0000020853a20000

Metaspace:

Usage:
  Non-class:    128.70 MB used.
      Class:     20.52 MB used.
       Both:    149.22 MB used.

Virtual space:
  Non-class space:      192.00 MB reserved,     131.50 MB ( 68%) committed,  3 nodes.
      Class space:        1.00 GB reserved,      22.38 MB (  2%) committed,  1 nodes.
             Both:        1.19 GB reserved,     153.88 MB ( 13%) committed. 

Chunk freelists:
   Non-Class:  14.28 MB
       Class:  10.86 MB
        Both:  25.14 MB

MaxMetaspaceSize: unlimited
CompressedClassSpaceSize: 1.00 GB
Initial GC threshold: 21.00 MB
Current GC threshold: 256.38 MB
CDS: off
 - commit_granule_bytes: 65536.
 - commit_granule_words: 8192.
 - virtual_space_node_default_size: 8388608.
 - enlarge_chunks_in_place: 1.
 - use_allocation_guard: 0.


Internal statistics:

num_allocs_failed_limit: 9.
num_arena_births: 4974.
num_arena_deaths: 2636.
num_vsnodes_births: 4.
num_vsnodes_deaths: 0.
num_space_committed: 2461.
num_space_uncommitted: 0.
num_chunks_returned_to_freelist: 2998.
num_chunks_taken_from_freelist: 11713.
num_chunk_merges: 1047.
num_chunk_splits: 7484.
num_chunks_enlarged: 4748.
num_inconsistent_stats: 0.

CodeHeap 'non-profiled nmethods': size=120000Kb used=14903Kb max_used=15747Kb free=105096Kb
 bounds [0x0000020860780000, 0x0000020861710000, 0x0000020867cb0000]
CodeHeap 'profiled nmethods': size=120000Kb used=32910Kb max_used=37410Kb free=87089Kb
 bounds [0x0000020858cb0000, 0x000002085b1a0000, 0x00000208601e0000]
CodeHeap 'non-nmethods': size=5760Kb used=3049Kb max_used=3138Kb free=2710Kb
 bounds [0x00000208601e0000, 0x0000020860500000, 0x0000020860780000]
CodeCache: size=245760Kb, used=50862Kb, max_used=56295Kb, free=194895Kb
 total_blobs=17109, nmethods=15995, adapters=1017, full_count=0
Compilation: enabled, stopped_count=0, restarted_count=0

Compilation events (20 events):
Event: 3895.472 Thread 0x000002086d3a9ed0 30690       2       com.android.tools.r8.dex.k::a (7 bytes)
Event: 3895.473 Thread 0x000002086d3a9ed0 nmethod 30690 0x000002085ab1ec90 code [0x000002085ab1ee40, 0x000002085ab1ef60]
Event: 3895.473 Thread 0x000002086d3a9ed0 30691       2       com.android.tools.r8.graph.t5$$Lambda/0x00000001015bd800::<init> (10 bytes)
Event: 3895.473 Thread 0x000002086d3a9ed0 nmethod 30691 0x000002085ab25d90 code [0x000002085ab25f20, 0x000002085ab26070]
Event: 3895.473 Thread 0x000002086d3a9ed0 30692       3       java.util.TimSort::ensureCapacity (77 bytes)
Event: 3895.474 Thread 0x000002086d3a9ed0 nmethod 30692 0x0000020859720a90 code [0x0000020859720ca0, 0x0000020859721238]
Event: 3895.474 Thread 0x000002086d3a9ed0 30693       2       com.android.tools.r8.internal.W::contains (20 bytes)
Event: 3895.474 Thread 0x000002086d3a9ed0 nmethod 30693 0x0000020859a40490 code [0x0000020859a40640, 0x0000020859a407e8]
Event: 3895.474 Thread 0x000002086d3a9ed0 30694       2       com.android.tools.r8.internal.a0::h (14 bytes)
Event: 3895.474 Thread 0x000002086d3a9ed0 nmethod 30694 0x0000020859a4c490 code [0x0000020859a4c640, 0x0000020859a4c7f0]
Event: 3895.475 Thread 0x000002086d3a9ed0 30695       3       com.android.tools.r8.graph.E0$$Lambda/0x00000001015bf598::accept (20 bytes)
Event: 3895.476 Thread 0x000002086d3a9ed0 nmethod 30695 0x0000020859fd6710 code [0x0000020859fd6900, 0x0000020859fd6e08]
Event: 3895.476 Thread 0x000002086d3a9ed0 30696       3       com.android.tools.r8.graph.t5$$Lambda/0x00000001015bf0a8::test (16 bytes)
Event: 3895.476 Thread 0x000002086d3a9ed0 nmethod 30696 0x0000020859782090 code [0x0000020859782280, 0x00000208597828a8]
Event: 3895.479 Thread 0x000002086d3a9ed0 30697       2       com.android.tools.r8.internal.AE::a (17 bytes)
Event: 3895.480 Thread 0x000002086d3a9ed0 nmethod 30697 0x000002085ab47d10 code [0x000002085ab47ea0, 0x000002085ab48000]
Event: 3895.480 Thread 0x000002086d3a9ed0 30698       2       com.android.tools.r8.internal.AE::b (30 bytes)
Event: 3895.480 Thread 0x000002086d3a9ed0 nmethod 30698 0x000002085ab49290 code [0x000002085ab49440, 0x000002085ab49590]
Event: 3895.492 Thread 0x000002086d3a9ed0 30699       3       com.android.tools.r8.internal.Z00::j (26 bytes)
Event: 3895.492 Thread 0x000002086d3a9ed0 nmethod 30699 0x0000020859876910 code [0x0000020859876ae0, 0x0000020859876f68]

GC Heap History (20 events):
Event: 603.679 GC heap after
{Heap after GC invocations=74 (full 0):
 garbage-first heap   total 362496K, used 193734K [0x0000000080000000, 0x0000000100000000)
  region size 1024K, 13 young (13312K), 13 survivors (13312K)
 Metaspace       used 154167K, committed 156608K, reserved 1245184K
  class space    used 21722K, committed 22912K, reserved 1048576K
}
Event: 2421.728 GC heap before
{Heap before GC invocations=75 (full 0):
 garbage-first heap   total 362496K, used 360646K [0x0000000080000000, 0x0000000100000000)
  region size 1024K, 122 young (124928K), 13 survivors (13312K)
 Metaspace       used 154435K, committed 156864K, reserved 1245184K
  class space    used 21706K, committed 22912K, reserved 1048576K
}
Event: 2421.740 GC heap after
{Heap after GC invocations=76 (full 0):
 garbage-first heap   total 374784K, used 193536K [0x0000000080000000, 0x0000000100000000)
  region size 1024K, 2 young (2048K), 2 survivors (2048K)
 Metaspace       used 154435K, committed 156864K, reserved 1245184K
  class space    used 21706K, committed 22912K, reserved 1048576K
}
Event: 3692.165 GC heap before
{Heap before GC invocations=76 (full 0):
 garbage-first heap   total 374784K, used 343040K [0x0000000080000000, 0x0000000100000000)
  region size 1024K, 149 young (152576K), 2 survivors (2048K)
 Metaspace       used 154762K, committed 157120K, reserved 1245184K
  class space    used 21711K, committed 22912K, reserved 1048576K
}
Event: 3692.238 GC heap after
{Heap after GC invocations=77 (full 0):
 garbage-first heap   total 374784K, used 203160K [0x0000000080000000, 0x0000000100000000)
  region size 1024K, 14 young (14336K), 14 survivors (14336K)
 Metaspace       used 154762K, committed 157120K, reserved 1245184K
  class space    used 21711K, committed 22912K, reserved 1048576K
}
Event: 3884.012 GC heap before
{Heap before GC invocations=77 (full 0):
 garbage-first heap   total 374784K, used 339352K [0x0000000080000000, 0x0000000100000000)
  region size 1024K, 148 young (151552K), 14 survivors (14336K)
 Metaspace       used 155104K, committed 157504K, reserved 1245184K
  class space    used 21713K, committed 22912K, reserved 1048576K
}
Event: 3884.036 GC heap after
{Heap after GC invocations=78 (full 0):
 garbage-first heap   total 374784K, used 215826K [0x0000000080000000, 0x0000000100000000)
  region size 1024K, 13 young (13312K), 13 survivors (13312K)
 Metaspace       used 155104K, committed 157504K, reserved 1245184K
  class space    used 21713K, committed 22912K, reserved 1048576K
}
Event: 3893.155 GC heap before
{Heap before GC invocations=79 (full 0):
 garbage-first heap   total 374784K, used 337682K [0x0000000080000000, 0x0000000100000000)
  region size 1024K, 136 young (139264K), 13 survivors (13312K)
 Metaspace       used 152476K, committed 157568K, reserved 1245184K
  class space    used 21019K, committed 22912K, reserved 1048576K
}
Event: 3893.183 GC heap after
{Heap after GC invocations=80 (full 0):
 garbage-first heap   total 374784K, used 224567K [0x0000000080000000, 0x0000000100000000)
  region size 1024K, 13 young (13312K), 13 survivors (13312K)
 Metaspace       used 152476K, committed 157568K, reserved 1245184K
  class space    used 21019K, committed 22912K, reserved 1048576K
}
Event: 3893.590 GC heap before
{Heap before GC invocations=80 (full 0):
 garbage-first heap   total 374784K, used 341303K [0x0000000080000000, 0x0000000100000000)
  region size 1024K, 127 young (130048K), 13 survivors (13312K)
 Metaspace       used 152608K, committed 157568K, reserved 1245184K
  class space    used 21019K, committed 22912K, reserved 1048576K
}
Event: 3893.614 GC heap after
{Heap after GC invocations=81 (full 0):
 garbage-first heap   total 378880K, used 210706K [0x0000000080000000, 0x0000000100000000)
  region size 1024K, 14 young (14336K), 14 survivors (14336K)
 Metaspace       used 152608K, committed 157568K, reserved 1245184K
  class space    used 21019K, committed 22912K, reserved 1048576K
}
Event: 3893.897 GC heap before
{Heap before GC invocations=81 (full 0):
 garbage-first heap   total 378880K, used 341778K [0x0000000080000000, 0x0000000100000000)
  region size 1024K, 143 young (146432K), 14 survivors (14336K)
 Metaspace       used 152623K, committed 157568K, reserved 1245184K
  class space    used 21019K, committed 22912K, reserved 1048576K
}
Event: 3893.931 GC heap after
{Heap after GC invocations=82 (full 0):
 garbage-first heap   total 379904K, used 199794K [0x0000000080000000, 0x0000000100000000)
  region size 1024K, 3 young (3072K), 3 survivors (3072K)
 Metaspace       used 152623K, committed 157568K, reserved 1245184K
  class space    used 21019K, committed 22912K, reserved 1048576K
}
Event: 3894.273 GC heap before
{Heap before GC invocations=82 (full 0):
 garbage-first heap   total 379904K, used 345202K [0x0000000080000000, 0x0000000100000000)
  region size 1024K, 145 young (148480K), 3 survivors (3072K)
 Metaspace       used 152666K, committed 157568K, reserved 1245184K
  class space    used 21019K, committed 22912K, reserved 1048576K
}
Event: 3894.276 GC heap after
{Heap after GC invocations=83 (full 0):
 garbage-first heap   total 379904K, used 199759K [0x0000000080000000, 0x0000000100000000)
  region size 1024K, 3 young (3072K), 3 survivors (3072K)
 Metaspace       used 152666K, committed 157568K, reserved 1245184K
  class space    used 21019K, committed 22912K, reserved 1048576K
}
Event: 3894.808 GC heap before
{Heap before GC invocations=84 (full 0):
 garbage-first heap   total 379904K, used 340047K [0x0000000080000000, 0x0000000100000000)
  region size 1024K, 150 young (153600K), 3 survivors (3072K)
 Metaspace       used 152715K, committed 157568K, reserved 1245184K
  class space    used 21015K, committed 22912K, reserved 1048576K
}
Event: 3894.813 GC heap after
{Heap after GC invocations=85 (full 0):
 garbage-first heap   total 379904K, used 190544K [0x0000000080000000, 0x0000000100000000)
  region size 1024K, 4 young (4096K), 4 survivors (4096K)
 Metaspace       used 152715K, committed 157568K, reserved 1245184K
  class space    used 21015K, committed 22912K, reserved 1048576K
}
Event: 3895.154 GC heap before
{Heap before GC invocations=85 (full 0):
 garbage-first heap   total 379904K, used 352336K [0x0000000080000000, 0x0000000100000000)
  region size 1024K, 162 young (165888K), 4 survivors (4096K)
 Metaspace       used 152750K, committed 157568K, reserved 1245184K
  class space    used 21015K, committed 22912K, reserved 1048576K
}
Event: 3895.170 GC heap after
{Heap after GC invocations=86 (full 0):
 garbage-first heap   total 379904K, used 169967K [0x0000000080000000, 0x0000000100000000)
  region size 1024K, 6 young (6144K), 6 survivors (6144K)
 Metaspace       used 152750K, committed 157568K, reserved 1245184K
  class space    used 21015K, committed 22912K, reserved 1048576K
}
Event: 3895.502 GC heap before
{Heap before GC invocations=86 (full 0):
 garbage-first heap   total 379904K, used 351215K [0x0000000080000000, 0x0000000100000000)
  region size 1024K, 184 young (188416K), 6 survivors (6144K)
 Metaspace       used 152801K, committed 157568K, reserved 1245184K
  class space    used 21015K, committed 22912K, reserved 1048576K
}

Dll operation events (3 events):
Event: 0.019 Loaded shared library C:\Program Files\Android\Android Studio\jbr\bin\java.dll
Event: 0.027 Loaded shared library C:\Program Files\Android\Android Studio\jbr\bin\zip.dll
Event: 0.761 Loaded shared library C:\Program Files\Android\Android Studio\jbr\bin\verify.dll

Deoptimization events (20 events):
Event: 3895.377 Thread 0x0000020800a3f970 DEOPT PACKING pc=0x000002085a884877 sp=0x0000008b37afbe60
Event: 3895.377 Thread 0x0000020800a3f970 DEOPT UNPACKING pc=0x0000020860234e42 sp=0x0000008b37afb608 mode 0
Event: 3895.380 Thread 0x0000020875f0ba70 DEOPT PACKING pc=0x000002085a884877 sp=0x0000008b37cfbdf0
Event: 3895.380 Thread 0x0000020875f0ba70 DEOPT UNPACKING pc=0x0000020860234e42 sp=0x0000008b37cfb580 mode 0
Event: 3895.384 Thread 0x0000020875f0ba70 DEOPT PACKING pc=0x000002085a89e25a sp=0x0000008b37cfbd90
Event: 3895.384 Thread 0x0000020875f0ba70 DEOPT UNPACKING pc=0x0000020860234e42 sp=0x0000008b37cfb580 mode 0
Event: 3895.385 Thread 0x0000020875f0ba70 DEOPT PACKING pc=0x000002085a89e25a sp=0x0000008b37cfbd90
Event: 3895.385 Thread 0x0000020875f0ba70 DEOPT UNPACKING pc=0x0000020860234e42 sp=0x0000008b37cfb580 mode 0
Event: 3895.410 Thread 0x0000020877f48f60 DEOPT PACKING pc=0x000002085a884877 sp=0x0000008b32cfb880
Event: 3895.410 Thread 0x0000020877f48f60 DEOPT UNPACKING pc=0x0000020860234e42 sp=0x0000008b32cfb010 mode 0
Event: 3895.421 Thread 0x0000020877f48f60 DEOPT PACKING pc=0x000002085a884856 sp=0x0000008b32cfb880
Event: 3895.421 Thread 0x0000020877f48f60 DEOPT UNPACKING pc=0x0000020860234e42 sp=0x0000008b32cfb010 mode 0
Event: 3895.427 Thread 0x0000020875f0ba70 DEOPT PACKING pc=0x000002085a884877 sp=0x0000008b37cfbdf0
Event: 3895.427 Thread 0x0000020875f0ba70 DEOPT UNPACKING pc=0x0000020860234e42 sp=0x0000008b37cfb580 mode 0
Event: 3895.451 Thread 0x0000020875f0ba70 DEOPT PACKING pc=0x000002085a8847cc sp=0x0000008b37cfba70
Event: 3895.451 Thread 0x0000020875f0ba70 DEOPT UNPACKING pc=0x0000020860234e42 sp=0x0000008b37cfb1f8 mode 0
Event: 3895.479 Thread 0x0000020877f48f60 DEOPT PACKING pc=0x000002085a884877 sp=0x0000008b32cfb500
Event: 3895.479 Thread 0x0000020877f48f60 DEOPT UNPACKING pc=0x0000020860234e42 sp=0x0000008b32cfac90 mode 0
Event: 3895.499 Thread 0x0000020800a3f970 DEOPT PACKING pc=0x000002085a884877 sp=0x0000008b37afbf20
Event: 3895.499 Thread 0x0000020800a3f970 DEOPT UNPACKING pc=0x0000020860234e42 sp=0x0000008b37afb6b0 mode 0

Classes loaded (20 events):
Event: 325.264 Loading class java/util/concurrent/ForkJoinTask$InterruptibleTask done
Event: 325.264 Loading class java/util/concurrent/ForkJoinTask$AdaptedInterruptibleCallable done
Event: 325.264 Loading class java/util/concurrent/ForkJoinPool$DefaultForkJoinWorkerThreadFactory$1
Event: 325.264 Loading class java/util/concurrent/ForkJoinPool$DefaultForkJoinWorkerThreadFactory$1 done
Event: 325.272 Loading class java/util/zip/Deflater
Event: 325.272 Loading class java/util/zip/Deflater done
Event: 325.273 Loading class java/util/zip/Deflater$DeflaterZStreamRef
Event: 325.274 Loading class java/util/zip/Deflater$DeflaterZStreamRef done
Event: 325.281 Loading class java/util/concurrent/CountedCompleter
Event: 325.282 Loading class java/util/concurrent/CountedCompleter done
Event: 325.289 Loading class java/nio/BufferOverflowException
Event: 325.289 Loading class java/nio/BufferOverflowException done
Event: 325.293 Loading class java/security/DigestException
Event: 325.293 Loading class java/security/DigestException done
Event: 325.313 Loading class java/util/concurrent/ForkJoinTask$AdaptedInterruptibleRunnable
Event: 325.313 Loading class java/util/concurrent/ForkJoinTask$AdaptedInterruptibleRunnable done
Event: 325.436 Loading class sun/security/rsa/RSACore$BlindingParameters
Event: 325.436 Loading class sun/security/rsa/RSACore$BlindingParameters done
Event: 325.443 Loading class sun/security/rsa/RSACore$BlindingRandomPair
Event: 325.443 Loading class sun/security/rsa/RSACore$BlindingRandomPair done

Classes unloaded (20 events):
Event: 3884.328 Thread 0x000002086d2ecfb0 Unloading class 0x0000000100184c00 'java/lang/invoke/LambdaForm$MH+0x0000000100184c00'
Event: 3884.328 Thread 0x000002086d2ecfb0 Unloading class 0x0000000100184800 'java/lang/invoke/LambdaForm$MH+0x0000000100184800'
Event: 3884.328 Thread 0x000002086d2ecfb0 Unloading class 0x000000010012d800 'java/lang/invoke/LambdaForm$MH+0x000000010012d800'
Event: 3884.328 Thread 0x000002086d2ecfb0 Unloading class 0x000000010012d000 'java/lang/invoke/LambdaForm$MH+0x000000010012d000'
Event: 3884.328 Thread 0x000002086d2ecfb0 Unloading class 0x000000010012cc00 'java/lang/invoke/LambdaForm$MH+0x000000010012cc00'
Event: 3884.328 Thread 0x000002086d2ecfb0 Unloading class 0x000000010012c000 'java/lang/invoke/LambdaForm$MH+0x000000010012c000'
Event: 3884.328 Thread 0x000002086d2ecfb0 Unloading class 0x0000000100108c00 'java/lang/invoke/LambdaForm$DMH+0x0000000100108c00'
Event: 3884.328 Thread 0x000002086d2ecfb0 Unloading class 0x00000001000ecc00 'java/lang/invoke/LambdaForm$MH+0x00000001000ecc00'
Event: 3884.328 Thread 0x000002086d2ecfb0 Unloading class 0x00000001000ec800 'java/lang/invoke/LambdaForm$MH+0x00000001000ec800'
Event: 3884.328 Thread 0x000002086d2ecfb0 Unloading class 0x00000001000ec000 'java/lang/invoke/LambdaForm$MH+0x00000001000ec000'
Event: 3884.328 Thread 0x000002086d2ecfb0 Unloading class 0x00000001000c1400 'java/lang/invoke/LambdaForm$MH+0x00000001000c1400'
Event: 3884.328 Thread 0x000002086d2ecfb0 Unloading class 0x00000001000c1000 'java/lang/invoke/LambdaForm$MH+0x00000001000c1000'
Event: 3884.328 Thread 0x000002086d2ecfb0 Unloading class 0x00000001000c0800 'java/lang/invoke/LambdaForm$MH+0x00000001000c0800'
Event: 3894.492 Thread 0x000002086d2ecfb0 Unloading class 0x000000010125f800 'jdk/internal/reflect/GeneratedSerializationConstructorAccessor258'
Event: 3894.492 Thread 0x000002086d2ecfb0 Unloading class 0x0000000101281000 'jdk/internal/reflect/GeneratedSerializationConstructorAccessor255'
Event: 3894.492 Thread 0x000002086d2ecfb0 Unloading class 0x00000001012cc000 'java/lang/invoke/LambdaForm$MH+0x00000001012cc000'
Event: 3894.492 Thread 0x000002086d2ecfb0 Unloading class 0x00000001012dd400 'java/lang/invoke/LambdaForm$MH+0x00000001012dd400'
Event: 3894.492 Thread 0x000002086d2ecfb0 Unloading class 0x000000010155b400 'java/lang/invoke/LambdaForm$MH+0x000000010155b400'
Event: 3894.492 Thread 0x000002086d2ecfb0 Unloading class 0x000000010155cc00 'java/lang/invoke/LambdaForm$MH+0x000000010155cc00'
Event: 3894.492 Thread 0x000002086d2ecfb0 Unloading class 0x000000010155c400 'java/lang/invoke/LambdaForm$MH+0x000000010155c400'

Classes redefined (0 events):
No events

Internal exceptions (20 events):
Event: 3883.701 Thread 0x00000208794f9d60 Exception <a 'sun/nio/fs/WindowsException'{0x000000008e712828}> (0x000000008e712828) 
thrown [s\src\hotspot\share\prims\jni.cpp, line 537]
Event: 3883.701 Thread 0x00000208794f9d60 Exception <a 'sun/nio/fs/WindowsException'{0x000000008e713e28}> (0x000000008e713e28) 
thrown [s\src\hotspot\share\prims\jni.cpp, line 537]
Event: 3883.701 Thread 0x00000208794f9d60 Exception <a 'sun/nio/fs/WindowsException'{0x000000008e715428}> (0x000000008e715428) 
thrown [s\src\hotspot\share\prims\jni.cpp, line 537]
Event: 3883.903 Thread 0x0000020877ff6de0 Exception <a 'sun/nio/fs/WindowsException'{0x000000008e158078}> (0x000000008e158078) 
thrown [s\src\hotspot\share\prims\jni.cpp, line 537]
Event: 3884.973 Thread 0x0000020878f72c60 Exception <a 'sun/nio/fs/WindowsException'{0x0000000092cedd90}> (0x0000000092cedd90) 
thrown [s\src\hotspot\share\prims\jni.cpp, line 537]
Event: 3892.891 Thread 0x0000020801d3ea20 Exception <a 'sun/nio/fs/WindowsException'{0x000000009187a6b0}> (0x000000009187a6b0) 
thrown [s\src\hotspot\share\prims\jni.cpp, line 537]
Event: 3892.892 Thread 0x0000020801d3ea20 Exception <a 'sun/nio/fs/WindowsException'{0x000000009187c530}> (0x000000009187c530) 
thrown [s\src\hotspot\share\prims\jni.cpp, line 537]
Event: 3892.892 Thread 0x0000020801d3ea20 Exception <a 'sun/nio/fs/WindowsException'{0x000000009187e278}> (0x000000009187e278) 
thrown [s\src\hotspot\share\prims\jni.cpp, line 537]
Event: 3892.926 Thread 0x0000020801d3ea20 Implicit null exception at 0x000002086128a802 to 0x000002086128b324
Event: 3892.926 Thread 0x0000020801d3ea20 Implicit null exception at 0x00000208610565e2 to 0x000002086105b2d0
Event: 3892.936 Thread 0x0000020801d3ea20 Implicit null exception at 0x000002086153d3e2 to 0x000002086153d7e4
Event: 3892.957 Thread 0x0000020801d3ea20 Implicit null exception at 0x00000208609559c2 to 0x0000020860955e28
Event: 3892.963 Thread 0x0000020801d3ea20 Exception <a 'java/lang/NoSuchMethodError'{0x000000009127a5d0}: static Lcom/android/build/gradle/internal/tasks/DexArchiveBuilderTaskDelegate$ClasspathServiceKey;.<clinit>()V> (0x000000009127a5d0) 
thrown [s\src\hotspot\share\prims\jni.cpp, line 1144]
Event: 3892.972 Thread 0x0000020877f48f60 Implicit null exception at 0x000002086098984a to 0x0000020860989df4
Event: 3895.484 Thread 0x0000020875f0b3e0 Exception <a 'sun/nio/fs/WindowsException'{0x000000008bad4a78}> (0x000000008bad4a78) 
thrown [s\src\hotspot\share\prims\jni.cpp, line 537]
Event: 3895.487 Thread 0x0000020875f0b3e0 Exception <a 'sun/nio/fs/WindowsException'{0x000000008badbf88}> (0x000000008badbf88) 
thrown [s\src\hotspot\share\prims\jni.cpp, line 537]
Event: 3895.490 Thread 0x0000020875f0b3e0 Exception <a 'sun/nio/fs/WindowsException'{0x000000008bae61d8}> (0x000000008bae61d8) 
thrown [s\src\hotspot\share\prims\jni.cpp, line 537]
Event: 3895.493 Thread 0x0000020875f0b3e0 Exception <a 'sun/nio/fs/WindowsException'{0x000000008baed380}> (0x000000008baed380) 
thrown [s\src\hotspot\share\prims\jni.cpp, line 537]
Event: 3895.496 Thread 0x0000020875f0b3e0 Exception <a 'sun/nio/fs/WindowsException'{0x000000008baf75b0}> (0x000000008baf75b0) 
thrown [s\src\hotspot\share\prims\jni.cpp, line 537]
Event: 3895.500 Thread 0x0000020875f0b3e0 Exception <a 'sun/nio/fs/WindowsException'{0x000000008acdec38}> (0x000000008acdec38) 
thrown [s\src\hotspot\share\prims\jni.cpp, line 537]

ZGC Phase Switch (0 events):
No events

VM Operations (20 events):
Event: 3893.183 Executing VM operation: G1CollectForAllocation (G1 Evacuation Pause) done
Event: 3893.590 Executing VM operation: G1CollectForAllocation (G1 Evacuation Pause)
Event: 3893.614 Executing VM operation: G1CollectForAllocation (G1 Evacuation Pause) done
Event: 3893.896 Executing VM operation: G1CollectForAllocation (G1 Evacuation Pause)
Event: 3893.931 Executing VM operation: G1CollectForAllocation (G1 Evacuation Pause) done
Event: 3894.110 Executing VM operation: HandshakeAllThreads (Deoptimize)
Event: 3894.117 Executing VM operation: HandshakeAllThreads (Deoptimize) done
Event: 3894.273 Executing VM operation: G1CollectForAllocation (G1 Evacuation Pause)
Event: 3894.276 Executing VM operation: G1CollectForAllocation (G1 Evacuation Pause) done
Event: 3894.491 Executing VM operation: G1PauseRemark
Event: 3894.522 Executing VM operation: G1PauseRemark done
Event: 3894.664 Executing VM operation: G1PauseCleanup
Event: 3894.665 Executing VM operation: G1PauseCleanup done
Event: 3894.808 Executing VM operation: G1CollectForAllocation (G1 Evacuation Pause)
Event: 3894.813 Executing VM operation: G1CollectForAllocation (G1 Evacuation Pause) done
Event: 3895.154 Executing VM operation: G1CollectForAllocation (G1 Evacuation Pause)
Event: 3895.170 Executing VM operation: G1CollectForAllocation (G1 Evacuation Pause) done
Event: 3895.476 Executing VM operation: ICBufferFull
Event: 3895.477 Executing VM operation: ICBufferFull done
Event: 3895.502 Executing VM operation: G1CollectForAllocation (G1 Evacuation Pause)

Memory protections (0 events):
No events

Nmethod flushes (20 events):
Event: 3894.520 Thread 0x000002086d2ecfb0 flushing osr nmethod 0x000002085ab5f010
Event: 3894.520 Thread 0x000002086d2ecfb0 flushing osr nmethod 0x000002085ab60b90
Event: 3894.520 Thread 0x000002086d2ecfb0 flushing  nmethod 0x000002085abecf10
Event: 3894.520 Thread 0x000002086d2ecfb0 flushing  nmethod 0x000002085abefe90
Event: 3894.520 Thread 0x000002086d2ecfb0 flushing  nmethod 0x000002085aca5f90
Event: 3894.520 Thread 0x000002086d2ecfb0 flushing  nmethod 0x000002085aca6510
Event: 3894.520 Thread 0x000002086d2ecfb0 flushing  nmethod 0x000002085aca6c10
Event: 3894.520 Thread 0x000002086d2ecfb0 flushing  nmethod 0x000002085acac910
Event: 3894.520 Thread 0x000002086d2ecfb0 flushing  nmethod 0x000002085acacc90
Event: 3894.520 Thread 0x000002086d2ecfb0 flushing  nmethod 0x000002085acb1110
Event: 3894.520 Thread 0x000002086d2ecfb0 flushing  nmethod 0x000002085acb1490
Event: 3894.520 Thread 0x000002086d2ecfb0 flushing  nmethod 0x000002085acb1910
Event: 3894.520 Thread 0x000002086d2ecfb0 flushing  nmethod 0x000002085acb1d90
Event: 3894.520 Thread 0x000002086d2ecfb0 flushing  nmethod 0x000002085acb2110
Event: 3894.520 Thread 0x000002086d2ecfb0 flushing  nmethod 0x000002085acb2c90
Event: 3894.520 Thread 0x000002086d2ecfb0 flushing  nmethod 0x000002085acb3190
Event: 3894.520 Thread 0x000002086d2ecfb0 flushing  nmethod 0x000002085acb3c90
Event: 3894.520 Thread 0x000002086d2ecfb0 flushing  nmethod 0x000002085acb4590
Event: 3894.520 Thread 0x000002086d2ecfb0 flushing  nmethod 0x000002085acb5690
Event: 3894.520 Thread 0x000002086d2ecfb0 flushing  nmethod 0x000002085ad1d490

Events (20 events):
Event: 3884.998 Thread 0x00000208760d0930 Thread added: 0x00000208749c1cc0
Event: 3884.999 Thread 0x00000208760d0930 Thread added: 0x0000020876e7dd50
Event: 3884.999 Thread 0x00000208760d0930 Thread added: 0x0000020876e7e3e0
Event: 3885.005 Thread 0x00000208772eae50 Thread added: 0x0000020800a40000
Event: 3887.857 Thread 0x00000208772eae50 Thread added: 0x0000020800a420d0
Event: 3887.858 Thread 0x00000208772eae50 Thread added: 0x0000020800a40690
Event: 3887.858 Thread 0x00000208772eae50 Thread added: 0x0000020800a3f2e0
Event: 3887.859 Thread 0x00000208749479c0 Thread exited: 0x00000208749479c0
Event: 3892.892 Thread 0x000002086d3a9ed0 Thread added: 0x00000208749479c0
Event: 3892.912 Thread 0x000002086d3a9ed0 Thread added: 0x0000020874949500
Event: 3892.967 Thread 0x0000020801d3ea20 Thread added: 0x0000020800a3f970
Event: 3892.969 Thread 0x0000020801d3ea20 Thread added: 0x0000020875f0b3e0
Event: 3892.972 Thread 0x0000020801d3ea20 Thread added: 0x0000020875f0ba70
Event: 3892.976 Thread 0x0000020801d3ea20 Thread added: 0x0000020876e7f100
Event: 3892.983 Thread 0x0000020801d3ea20 Thread added: 0x0000020875f0c100
Event: 3893.003 Thread 0x0000020801d3ea20 Thread added: 0x0000020875f0c790
Event: 3893.010 Thread 0x0000020801d3ea20 Thread added: 0x0000020875f0ce20
Event: 3893.025 Thread 0x0000020801d3ea20 Thread added: 0x0000020877f495f0
Event: 3893.205 Thread 0x0000020878f7dd90 Thread exited: 0x0000020878f7dd90
Event: 3895.072 Thread 0x0000020875f0c790 Thread exited: 0x0000020875f0c790


Dynamic libraries:
0x00007ff7696e0000 - 0x00007ff7696ea000 	C:\Program Files\Android\Android Studio\jbr\bin\java.exe
0x00007ffd153c0000 - 0x00007ffd15628000 	C:\WINDOWS\SYSTEM32\ntdll.dll
0x00007ffd148f0000 - 0x00007ffd149b9000 	C:\WINDOWS\System32\KERNEL32.DLL
0x00007ffd129e0000 - 0x00007ffd12dd8000 	C:\WINDOWS\System32\KERNELBASE.dll
0x00007ffd13010000 - 0x00007ffd1315b000 	C:\WINDOWS\System32\ucrtbase.dll
0x00007ffd0d740000 - 0x00007ffd0d75b000 	C:\Program Files\Android\Android Studio\jbr\bin\VCRUNTIME140.dll
0x00007ffd00180000 - 0x00007ffd00198000 	C:\Program Files\Android\Android Studio\jbr\bin\jli.dll
0x00007ffd149c0000 - 0x00007ffd14b87000 	C:\WINDOWS\System32\USER32.dll
0x00007ffd12880000 - 0x00007ffd128a7000 	C:\WINDOWS\System32\win32u.dll
0x00007ffd02760000 - 0x00007ffd029f4000 	C:\WINDOWS\WinSxS\amd64_microsoft.windows.common-controls_6595b64144ccf1df_6.0.26100.7019_none_3e06ffa0e335b8a8\COMCTL32.dll
0x00007ffd14ba0000 - 0x00007ffd14bcb000 	C:\WINDOWS\System32\GDI32.dll
0x00007ffd128b0000 - 0x00007ffd129dc000 	C:\WINDOWS\System32\gdi32full.dll
0x00007ffd13cd0000 - 0x00007ffd13d79000 	C:\WINDOWS\System32\msvcrt.dll
0x00007ffd12740000 - 0x00007ffd127e3000 	C:\WINDOWS\System32\msvcp_win.dll
0x00007ffd14bd0000 - 0x00007ffd14c01000 	C:\WINDOWS\System32\IMM32.DLL
0x00007ffd0d7a0000 - 0x00007ffd0d7ac000 	C:\Program Files\Android\Android Studio\jbr\bin\vcruntime140_1.dll
0x00007ffcfc1b0000 - 0x00007ffcfc23d000 	C:\Program Files\Android\Android Studio\jbr\bin\msvcp140.dll
0x00007ffc5bae0000 - 0x00007ffc5c776000 	C:\Program Files\Android\Android Studio\jbr\bin\server\jvm.dll
0x00007ffd13190000 - 0x00007ffd13244000 	C:\WINDOWS\System32\ADVAPI32.dll
0x00007ffd13360000 - 0x00007ffd13406000 	C:\WINDOWS\System32\sechost.dll
0x00007ffd15190000 - 0x00007ffd152a8000 	C:\WINDOWS\System32\RPCRT4.dll
0x00007ffd15020000 - 0x00007ffd15094000 	C:\WINDOWS\System32\WS2_32.dll
0x00007ffd0aa10000 - 0x00007ffd0aa45000 	C:\WINDOWS\SYSTEM32\WINMM.dll
0x00007ffd12370000 - 0x00007ffd123ce000 	C:\WINDOWS\SYSTEM32\POWRPROF.dll
0x00007ffd0c380000 - 0x00007ffd0c38b000 	C:\WINDOWS\SYSTEM32\VERSION.dll
0x00007ffd12350000 - 0x00007ffd12364000 	C:\WINDOWS\SYSTEM32\UMPDC.dll
0x00007ffd112d0000 - 0x00007ffd112eb000 	C:\WINDOWS\SYSTEM32\kernel.appcore.dll
0x00007ffd0d770000 - 0x00007ffd0d77a000 	C:\Program Files\Android\Android Studio\jbr\bin\jimage.dll
0x00007ffd06910000 - 0x00007ffd06b52000 	C:\WINDOWS\SYSTEM32\DBGHELP.DLL
0x00007ffd14c10000 - 0x00007ffd14f9b000 	C:\WINDOWS\System32\combase.dll
0x00007ffd13b60000 - 0x00007ffd13c37000 	C:\WINDOWS\System32\OLEAUT32.dll
0x00007ffcfadf0000 - 0x00007ffcfae2c000 	C:\WINDOWS\SYSTEM32\dbgcore.DLL
0x00007ffd12510000 - 0x00007ffd125b5000 	C:\WINDOWS\System32\bcryptPrimitives.dll
0x00007ffd03eb0000 - 0x00007ffd03ebe000 	C:\Program Files\Android\Android Studio\jbr\bin\instrument.dll
0x00007ffd08360000 - 0x00007ffd08380000 	C:\Program Files\Android\Android Studio\jbr\bin\java.dll
0x00007ffd08340000 - 0x00007ffd08358000 	C:\Program Files\Android\Android Studio\jbr\bin\zip.dll
0x00007ffd13ff0000 - 0x00007ffd1473f000 	C:\WINDOWS\System32\SHELL32.dll
0x00007ffd12ea0000 - 0x00007ffd1300b000 	C:\WINDOWS\System32\wintypes.dll
0x00007ffd10170000 - 0x00007ffd109cd000 	C:\WINDOWS\SYSTEM32\windows.storage.dll
0x00007ffd13260000 - 0x00007ffd13352000 	C:\WINDOWS\System32\SHCORE.dll
0x00007ffd15120000 - 0x00007ffd15187000 	C:\WINDOWS\System32\shlwapi.dll
0x00007ffd12430000 - 0x00007ffd12459000 	C:\WINDOWS\SYSTEM32\profapi.dll
0x00007ffd0cf70000 - 0x00007ffd0cf80000 	C:\Program Files\Android\Android Studio\jbr\bin\net.dll
0x00007ffd0b2d0000 - 0x00007ffd0b3f8000 	C:\WINDOWS\SYSTEM32\WINHTTP.dll
0x00007ffd11840000 - 0x00007ffd118ab000 	C:\WINDOWS\system32\mswsock.dll
0x00007ffd07890000 - 0x00007ffd078a6000 	C:\Program Files\Android\Android Studio\jbr\bin\nio.dll
0x00007ffd016a0000 - 0x00007ffd016b0000 	C:\Program Files\Android\Android Studio\jbr\bin\verify.dll
0x00007ffcf5c40000 - 0x00007ffcf5c67000 	C:\Users\anton\.gradle\native\c067742578af261105cb4f569cf0c3c89f3d7b1fecec35dd04571415982c5e48\windows-amd64\native-platform.dll
0x00007ffcae2b0000 - 0x00007ffcae3f4000 	C:\Users\anton\.gradle\native\100fb08df4bc3b14c8652ba06237920a3bd2aa13389f12d3474272988ae205f9\windows-amd64\native-platform-file-events.dll
0x00007ffd0baa0000 - 0x00007ffd0baa9000 	C:\Program Files\Android\Android Studio\jbr\bin\management.dll
0x00007ffd06770000 - 0x00007ffd0677b000 	C:\Program Files\Android\Android Studio\jbr\bin\management_ext.dll
0x00007ffd13420000 - 0x00007ffd13428000 	C:\WINDOWS\System32\PSAPI.DLL
0x00007ffd11b00000 - 0x00007ffd11b1b000 	C:\WINDOWS\SYSTEM32\CRYPTSP.dll
0x00007ffd11230000 - 0x00007ffd1126a000 	C:\WINDOWS\system32\rsaenh.dll
0x00007ffd118f0000 - 0x00007ffd1191b000 	C:\WINDOWS\SYSTEM32\USERENV.dll
0x00007ffd12400000 - 0x00007ffd1242a000 	C:\WINDOWS\SYSTEM32\bcrypt.dll
0x00007ffd11b20000 - 0x00007ffd11b2c000 	C:\WINDOWS\SYSTEM32\CRYPTBASE.dll
0x00007ffd10d30000 - 0x00007ffd10d64000 	C:\WINDOWS\SYSTEM32\IPHLPAPI.DLL
0x00007ffd13410000 - 0x00007ffd1341a000 	C:\WINDOWS\System32\NSI.dll
0x00007ffd0c040000 - 0x00007ffd0c049000 	C:\Program Files\Android\Android Studio\jbr\bin\extnet.dll
0x00007ffd0d930000 - 0x00007ffd0d938000 	C:\WINDOWS\system32\wshunix.dll
0x00007ffd10dd0000 - 0x00007ffd10efc000 	C:\WINDOWS\SYSTEM32\DNSAPI.dll
0x00007ffd03e90000 - 0x00007ffd03e9b000 	C:\Windows\System32\rasadhlp.dll
0x00007ffd08690000 - 0x00007ffd08716000 	C:\WINDOWS\System32\fwpuclnt.dll
0x00007ffcdf5b0000 - 0x00007ffcdf5c8000 	C:\WINDOWS\system32\napinsp.dll
0x00007ffcddb90000 - 0x00007ffcddba2000 	C:\WINDOWS\System32\winrnr.dll
0x00007ffcd2b60000 - 0x00007ffcd2b82000 	C:\WINDOWS\system32\nlansp_c.dll
0x00007ffced290000 - 0x00007ffced2a6000 	C:\WINDOWS\system32\wshbth.dll
0x00007ffcf9640000 - 0x00007ffcf965e000 	C:\Users\anton\AppData\Local\Temp\native-platform2201702859153234576dir\native-platform.dll
0x00007ffd03ec0000 - 0x00007ffd03ec7000 	C:\Program Files\Android\Android Studio\jbr\bin\rmi.dll

JVMTI agents:
C:\Users\anton\.gradle\wrapper\dists\gradle-8.10.2-bin\a04bxjujx95o3nb99gddekhwo\gradle-8.10.2\lib\agents\gradle-instrumentation-agent-8.10.2.jar path:C:\Program Files\Android\Android Studio\jbr\bin\instrument.dll, loaded, initialized, instrumentlib options:none

dbghelp: loaded successfully - version: 4.0.5 - missing functions: none
symbol engine: initialized successfully - sym options: 0x614 - pdb path: .;C:\Program Files\Android\Android Studio\jbr\bin;C:\WINDOWS\SYSTEM32;C:\WINDOWS\WinSxS\amd64_microsoft.windows.common-controls_6595b64144ccf1df_6.0.26100.7019_none_3e06ffa0e335b8a8;C:\Program Files\Android\Android Studio\jbr\bin\server;C:\Users\anton\.gradle\native\c067742578af261105cb4f569cf0c3c89f3d7b1fecec35dd04571415982c5e48\windows-amd64;C:\Users\anton\.gradle\native\100fb08df4bc3b14c8652ba06237920a3bd2aa13389f12d3474272988ae205f9\windows-amd64;C:\Users\anton\AppData\Local\Temp\native-platform2201702859153234576dir

VM Arguments:
jvm_args: --add-opens=java.base/java.util=ALL-UNNAMED --add-opens=java.base/java.lang=ALL-UNNAMED --add-opens=java.base/java.lang.invoke=ALL-UNNAMED --add-opens=java.prefs/java.util.prefs=ALL-UNNAMED --add-exports=jdk.compiler/com.sun.tools.javac.api=ALL-UNNAMED --add-exports=jdk.compiler/com.sun.tools.javac.util=ALL-UNNAMED --add-opens=java.base/java.nio.charset=ALL-UNNAMED --add-opens=java.base/java.net=ALL-UNNAMED --add-opens=java.base/java.util.concurrent.atomic=ALL-UNNAMED -Xmx2048m -Dfile.encoding=UTF-8 -Duser.country=CL -Duser.language=es -Duser.variant -javaagent:C:\Users\anton\.gradle\wrapper\dists\gradle-8.10.2-bin\a04bxjujx95o3nb99gddekhwo\gradle-8.10.2\lib\agents\gradle-instrumentation-agent-8.10.2.jar 
java_command: org.gradle.launcher.daemon.bootstrap.GradleDaemon 8.10.2
java_class_path (initial): C:\Users\anton\.gradle\wrapper\dists\gradle-8.10.2-bin\a04bxjujx95o3nb99gddekhwo\gradle-8.10.2\lib\gradle-daemon-main-8.10.2.jar
Launcher Type: SUN_STANDARD

[Global flags]
     intx CICompilerCount                          = 4                                         {product} {ergonomic}
     uint ConcGCThreads                            = 2                                         {product} {ergonomic}
     uint G1ConcRefinementThreads                  = 8                                         {product} {ergonomic}
   size_t G1HeapRegionSize                         = 1048576                                   {product} {ergonomic}
    uintx GCDrainStackTargetSize                   = 64                                        {product} {ergonomic}
   size_t InitialHeapSize                          = 260046848                                 {product} {ergonomic}
   size_t MarkStackSize                            = 4194304                                   {product} {ergonomic}
   size_t MaxHeapSize                              = 2147483648                                {product} {command line}
   size_t MaxNewSize                               = 1287651328                                {product} {ergonomic}
   size_t MinHeapDeltaBytes                        = 1048576                                   {product} {ergonomic}
   size_t MinHeapSize                              = 8388608                                   {product} {ergonomic}
    uintx NonNMethodCodeHeapSize                   = 5839372                                {pd product} {ergonomic}
    uintx NonProfiledCodeHeapSize                  = 122909434                              {pd product} {ergonomic}
    uintx ProfiledCodeHeapSize                     = 122909434                              {pd product} {ergonomic}
    uintx ReservedCodeCacheSize                    = 251658240                              {pd product} {ergonomic}
     bool SegmentedCodeCache                       = true                                      {product} {ergonomic}
   size_t SoftMaxHeapSize                          = 2147483648                             {manageable} {ergonomic}
     bool UseCompressedOops                        = true                           {product lp64_product} {ergonomic}
     bool UseG1GC                                  = true                                      {product} {ergonomic}
     bool UseLargePagesIndividualAllocation        = false                                  {pd product} {ergonomic}

Logging:
Log output configuration:
 #0: stdout all=warning uptime,level,tags foldmultilines=false
 #1: stderr all=off uptime,level,tags foldmultilines=false

Environment Variables:
PATH=C:\Program Files\Common Files\Oracle\Java\javapath;C:\Program Files (x86)\Common Files\Oracle\Java\java8path;C:\Program Files (x86)\Common Files\Oracle\Java\javapath;C:\WINDOWS\system32;C:\WINDOWS;C:\WINDOWS\System32\Wbem;C:\WINDOWS\System32\WindowsPowerShell\v1.0\;C:\WINDOWS\System32\OpenSSH\;C:\Program Files\dotnet\;C:\Program Files\Git\cmd;C:\Program Files\PuTTY\;C:\Program Files\nodejs\;C:\ProgramData\chocolatey\bin;C:\Program Files\NVIDIA Corporation\NVIDIA App\NvDLISR;C:\Program Files (x86)\NVIDIA Corporation\PhysX\Common;C:\Program Files\MySQL\MySQL Shell 8.0\bin\;C:\Users\anton\AppData\Local\Programs\Python\Python312\Scripts\;C:\Users\anton\AppData\Local\Programs\Python\Python312\;C:\Users\anton\AppData\Local\Microsoft\WindowsApps;C:\Users\anton\AppData\Local\Programs\Microsoft VS Code\bin;C:\Users\anton\.dotnet\tools;C:\Users\anton\AppData\Roaming\npm;C:\Users\anton\AppData\Local\Programs\Ollama;C:\Users\anton\AppData\Local\Programs\mongosh\
USERNAME=anton
OS=Windows_NT
PROCESSOR_IDENTIFIER=AMD64 Family 23 Model 24 Stepping 1, AuthenticAMD
TMP=C:\Users\anton\AppData\Local\Temp
TEMP=C:\Users\anton\AppData\Local\Temp




Periodic native trim disabled

JNI global refs:
JNI global refs: 31, weak refs: 103

JNI global refs memory usage: 835, weak refs: 2097

Process memory usage:
Resident Set Size: 742864K (4% of 16188600K total physical memory with 1314840K free physical memory)

OOME stack traces (most recent first):
Classloader memory used:
Loader org.gradle.internal.classloader.VisitableURLClassLoader$InstrumentingVisitableURLClassLoader: 54391K
Loader org.gradle.internal.classloader.VisitableURLClassLoader                         : 47798K
Loader bootstrap                                                                       : 33104K
Loader org.gradle.initialization.MixInLegacyTypesClassLoader                           : 15290K
Loader jdk.internal.loader.ClassLoaders$PlatformClassLoader                            : 849K
Loader jdk.internal.reflect.DelegatingClassLoader                                      : 746K
Loader jdk.internal.loader.ClassLoaders$AppClassLoader                                 : 234K
Loader org.gradle.internal.classloader.VisitableURLClassLoader                         : 220K
Loader org.gradle.groovy.scripts.internal.DefaultScriptCompilationHandler$ScriptClassLoader: 136K
Loader org.codehaus.groovy.runtime.callsite.CallSiteClassLoader                        : 28192B
Loader sun.reflect.misc.MethodUtil                                                     : 2984B

Classes loaded by more than one classloader:
Class Program                                                                         : loaded 5 times (x 72B)
Class Build_gradle                                                                    : loaded 3 times (x 130B)
Class Build_gradle$1                                                                  : loaded 3 times (x 74B)
Class org.gradle.internal.classloader.FilteringClassLoader                            : loaded 2 times (x 105B)
Class net.rubygrapefruit.platform.internal.Platform$FreeBSD64Bit                      : loaded 2 times (x 82B)
Class [Lcom.google.common.base.AbstractIterator$State;                                : loaded 2 times (x 69B)
Class com.google.common.base.CharMatcher$IsEither                                     : loaded 2 times (x 111B)
Class org.gradle.internal.classloader.ClassLoaderHierarchy                            : loaded 2 times (x 70B)
Class net.rubygrapefruit.platform.internal.Platform$FreeBSD                           : loaded 2 times (x 82B)
Class com.google.common.collect.ImmutableEnumSet                                      : loaded 2 times (x 146B)
Class com.google.common.util.concurrent.ExecutionError                                : loaded 2 times (x 82B)
Class com.google.common.collect.ImmutableList$1                                       : loaded 2 times (x 97B)
Class org.gradle.api.internal.classpath.ManifestUtil                                  : loaded 2 times (x 71B)
Class net.rubygrapefruit.platform.NativeException                                     : loaded 2 times (x 82B)
Class com.google.common.collect.RegularImmutableMap                                   : loaded 2 times (x 121B)
Class com.google.common.collect.ImmutableMap$MapViewOfValuesAsSingletonSets           : loaded 2 times (x 125B)
Class com.google.common.reflect.TypeCapture                                           : loaded 2 times (x 71B)
Class [Lorg.objectweb.asm.Symbol;                                                     : loaded 2 times (x 69B)
Class org.objectweb.asm.ClassVisitor                                                  : loaded 2 times (x 88B)
Class com.google.common.collect.UnmodifiableListIterator                              : loaded 2 times (x 95B)
Class com.google.common.base.Platform$JdkPatternCompiler                              : loaded 2 times (x 75B)
Class org.objectweb.asm.MethodTooLargeException                                       : loaded 2 times (x 83B)
Class [Lcom.google.common.cache.CacheBuilder$OneWeigher;                              : loaded 2 times (x 69B)
Class com.google.common.base.Suppliers                                                : loaded 2 times (x 71B)
Class org.gradle.internal.classloader.DefaultClassLoaderFactory                       : loaded 2 times (x 82B)
Class [Lcom.google.common.collect.AbstractIterator$State;                             : loaded 2 times (x 69B)
Class com.google.common.base.CharMatcher$None                                         : loaded 2 times (x 112B)
Class org.gradle.internal.classloader.ClassLoaderVisitor                              : loaded 2 times (x 76B)
Class net.rubygrapefruit.platform.NativeIntegrationUnavailableException               : loaded 2 times (x 82B)
Class net.rubygrapefruit.platform.internal.Platform                                   : loaded 2 times (x 79B)
Class [Lcom.google.common.collect.ImmutableMapEntry;                                  : loaded 2 times (x 69B)
Class org.gradle.api.internal.classpath.EffectiveClassPath                            : loaded 2 times (x 90B)
Class com.google.common.collect.AbstractIterator$1                                    : loaded 2 times (x 71B)
Class com.google.common.collect.ImmutableRangeSet                                     : loaded 2 times (x 115B)
Class com.google.common.collect.ImmutableEnumMap                                      : loaded 2 times (x 125B)
Class com.google.common.collect.ListMultimap                                          : loaded 2 times (x 70B)
Class com.google.common.collect.ImmutableSet$SerializedForm                           : loaded 2 times (x 73B)
Class com.google.common.collect.Sets$1                                                : loaded 2 times (x 139B)
Class org.objectweb.asm.AnnotationVisitor                                             : loaded 2 times (x 78B)
Class com.google.common.base.Splitter                                                 : loaded 2 times (x 72B)
Class org.gradle.api.internal.DefaultClassPathProvider                                : loaded 2 times (x 76B)
Class com.google.common.collect.Maps$ViewCachingAbstractMap                           : loaded 2 times (x 125B)
Class [Lcom.google.common.base.Function;                                              : loaded 2 times (x 69B)
Class com.google.common.collect.Sets$2                                                : loaded 2 times (x 139B)
Class [Lorg.gradle.api.internal.ClassPathProvider;                                    : loaded 2 times (x 69B)
Class org.gradle.api.internal.ClassPathProvider                                       : loaded 2 times (x 70B)
Class com.google.common.reflect.Types$ClassOwnership$1                                : loaded 2 times (x 80B)
Class [Lorg.objectweb.asm.AnnotationVisitor;                                          : loaded 2 times (x 69B)
Class com.google.common.collect.Sets$3                                                : loaded 2 times (x 139B)
Class com.google.common.util.concurrent.AbstractFuture$SafeAtomicHelper               : loaded 2 times (x 79B)
Class com.google.common.cache.LocalCache$LocalLoadingCache                            : loaded 2 times (x 134B)
Class com.google.common.base.AbstractIterator$State                                   : loaded 2 times (x 79B)
Class org.gradle.internal.service.UnknownServiceException                             : loaded 2 times (x 83B)
Class com.google.common.reflect.Types$ClassOwnership$2                                : loaded 2 times (x 80B)
Class com.google.common.reflect.TypeResolver                                          : loaded 2 times (x 72B)
Class com.google.common.collect.Sets$4                                                : loaded 2 times (x 139B)
Class org.objectweb.asm.ModuleVisitor                                                 : loaded 2 times (x 81B)
Class com.google.common.cache.LocalCache$Strength$1                                   : loaded 2 times (x 81B)
Class com.google.common.collect.Collections2$FilteredCollection                       : loaded 2 times (x 119B)
Class com.google.common.reflect.Types$ClassOwnership$3                                : loaded 2 times (x 71B)
Class net.rubygrapefruit.platform.internal.Platform$MacOs64Bit                        : loaded 2 times (x 82B)
Class com.google.common.util.concurrent.SettableFuture                                : loaded 2 times (x 114B)
Class com.google.common.cache.LocalCache$Strength$2                                   : loaded 2 times (x 81B)
Class com.google.common.collect.TransformedIterator                                   : loaded 2 times (x 80B)
Class [Lcom.google.common.collect.Maps$EntryFunction;                                 : loaded 2 times (x 69B)
Class net.rubygrapefruit.platform.internal.Platform$Posix                             : loaded 2 times (x 81B)
Class com.google.common.cache.LocalCache$Strength$3                                   : loaded 2 times (x 81B)
Class com.google.common.collect.MapDifference                                         : loaded 2 times (x 70B)
Class com.google.common.base.Splitter$1                                               : loaded 2 times (x 77B)
Class com.google.common.reflect.Invokable                                             : loaded 2 times (x 103B)
Class org.objectweb.asm.FieldWriter                                                   : loaded 2 times (x 78B)
Class com.google.common.cache.CacheBuilder$NullListener                               : loaded 2 times (x 82B)
Class org.gradle.internal.classpath.TransformedClassPath                              : loaded 2 times (x 96B)
Class org.gradle.internal.classloader.InstrumentingClassLoader                        : loaded 2 times (x 70B)
Class com.google.common.collect.Maps$IteratorBasedAbstractMap$1                       : loaded 2 times (x 138B)
Class com.google.common.reflect.Types$ParameterizedTypeImpl                           : loaded 2 times (x 81B)
Class com.google.common.collect.ImmutableRangeSet$AsSet                               : loaded 2 times (x 299B)
Class com.google.common.cache.CacheLoader$FunctionToCacheLoader                       : loaded 2 times (x 75B)
Class com.google.common.collect.Iterators$ArrayItr                                    : loaded 2 times (x 97B)
Class com.google.common.collect.ImmutableCollection$Builder                           : loaded 2 times (x 76B)
Class com.google.common.reflect.TypeResolver$TypeVariableKey                          : loaded 2 times (x 72B)
Class com.google.common.base.Joiner                                                   : loaded 2 times (x 79B)
Class com.google.common.base.MoreObjects                                              : loaded 2 times (x 71B)
Class [Lorg.objectweb.asm.Type;                                                       : loaded 2 times (x 69B)
Class com.google.common.collect.Platform                                              : loaded 2 times (x 71B)
Class com.google.common.collect.UnmodifiableIterator                                  : loaded 2 times (x 80B)
Class org.gradle.internal.service.ServiceLocator                                      : loaded 2 times (x 70B)
Class com.google.common.base.Ascii                                                    : loaded 2 times (x 71B)
Class com.google.common.collect.SingletonImmutableBiMap                               : loaded 2 times (x 143B)
Class com.google.common.cache.LocalCache$1                                            : loaded 2 times (x 89B)
Class com.google.common.collect.AbstractMapEntry                                      : loaded 2 times (x 81B)
Class ijJvmDebugger1_8bqgazkunrx4t6dq6lm2b4gbs$_run_closure1                          : loaded 2 times (x 139B)
Class com.google.common.reflect.TypeToken$SimpleTypeToken                             : loaded 2 times (x 73B)
Class com.google.common.collect.Sets$ImprovedAbstractSet                              : loaded 2 times (x 135B)
Class com.google.common.collect.ImmutableList$Builder                                 : loaded 2 times (x 77B)
Class com.google.common.cache.LocalCache$2                                            : loaded 2 times (x 142B)
Class com.google.common.collect.AbstractMultimap                                      : loaded 2 times (x 123B)
Class com.google.common.collect.ImmutableRangeSet$1                                   : loaded 2 times (x 209B)
Class com.google.common.util.concurrent.AbstractFuture$UnsafeAtomicHelper$1           : loaded 2 times (x 76B)
Class com.google.common.collect.RegularImmutableAsList                                : loaded 2 times (x 216B)
Class com.google.common.base.Optional                                                 : loaded 2 times (x 80B)
Class com.google.common.collect.Range                                                 : loaded 2 times (x 87B)
Class com.google.common.util.concurrent.AbstractFuture$Trusted                        : loaded 2 times (x 70B)
Class com.google.common.collect.Iterators                                             : loaded 2 times (x 71B)
Class com.google.common.base.CharMatcher$RangesMatcher                                : loaded 2 times (x 112B)
Class ijJvmDebugger1_8bqgazkunrx4t6dq6lm2b4gbs                                        : loaded 2 times (x 179B)
Class net.rubygrapefruit.platform.internal.Platform$Linux32Bit                        : loaded 2 times (x 83B)
Class com.google.common.util.concurrent.UncheckedExecutionException                   : loaded 2 times (x 82B)
Class com.google.common.collect.Lists$StringAsImmutableList                           : loaded 2 times (x 207B)
Class org.gradle.kotlin.dsl.VersionCatalogAccessorsKt                                 : loaded 2 times (x 71B)
Class net.rubygrapefruit.platform.Native                                              : loaded 2 times (x 71B)
Class net.rubygrapefruit.platform.NativeIntegration                                   : loaded 2 times (x 70B)
Class com.google.common.collect.ImmutableSortedSetFauxverideShim                      : loaded 2 times (x 147B)
Class com.google.common.base.CharMatcher$JavaLetterOrDigit                            : loaded 2 times (x 111B)
Class org.gradle.internal.InternalTransformer                                         : loaded 2 times (x 70B)
Class [Lnet.rubygrapefruit.platform.internal.FunctionResult$Failure;                  : loaded 2 times (x 69B)
Class com.google.common.collect.AbstractMapBasedMultimap$KeySet$1                     : loaded 2 times (x 82B)
Class org.objectweb.asm.ClassWriter                                                   : loaded 2 times (x 106B)
Class com.google.common.cache.CacheLoader$UnsupportedLoadingOperationException        : loaded 2 times (x 82B)
Class com.google.common.base.CharMatcher$And                                          : loaded 2 times (x 112B)
Class org.gradle.internal.classloader.ClasspathUtil$1                                 : loaded 2 times (x 76B)
Class com.google.common.collect.FluentIterable$1                                      : loaded 2 times (x 81B)
Class com.google.common.base.Objects                                                  : loaded 2 times (x 71B)
Class org.objectweb.asm.FieldVisitor                                                  : loaded 2 times (x 77B)
Class com.google.common.collect.IndexedImmutableSet                                   : loaded 2 times (x 150B)
Class com.google.common.collect.ImmutableMap$1                                        : loaded 2 times (x 81B)
Class com.google.common.collect.BiMap                                                 : loaded 2 times (x 70B)
Class org.gradle.api.internal.classpath.DefaultModuleRegistry$DefaultModule           : loaded 2 times (x 86B)
Class com.google.common.collect.FluentIterable$2                                      : loaded 2 times (x 81B)
Class com.google.common.base.Absent                                                   : loaded 2 times (x 80B)
Class com.google.common.reflect.Reflection                                            : loaded 2 times (x 71B)
Class com.google.common.collect.RegularImmutableMap$KeySet                            : loaded 2 times (x 150B)
Class com.google.common.collect.AbstractIterator                                      : loaded 2 times (x 82B)
Class com.google.common.collect.FluentIterable$3                                      : loaded 2 times (x 81B)
Class com.google.common.math.MathPreconditions                                        : loaded 2 times (x 71B)
Class com.google.common.collect.Multiset                                              : loaded 2 times (x 70B)
Class com.google.common.collect.ArrayListMultimapGwtSerializationDependencies         : loaded 2 times (x 172B)
Class com.google.common.collect.ObjectArrays                                          : loaded 2 times (x 71B)
Class com.google.common.collect.AbstractIndexedListIterator                           : loaded 2 times (x 96B)
Class com.google.common.collect.ImmutableMapEntrySet                                  : loaded 2 times (x 151B)
Class org.gradle.api.internal.classpath.Module                                        : loaded 2 times (x 70B)
Class com.google.common.cache.Weigher                                                 : loaded 2 times (x 70B)
Class org.gradle.api.internal.classpath.UnknownModuleException                        : loaded 2 times (x 82B)
Class com.google.common.base.Stopwatch                                                : loaded 2 times (x 72B)
Class com.google.common.cache.LocalCache$Strength                                     : loaded 2 times (x 81B)
Class com.google.common.cache.Cache                                                   : loaded 2 times (x 70B)
Class com.google.common.util.concurrent.AbstractFuture$Cancellation                   : loaded 2 times (x 72B)
Class com.google.common.collect.ImmutableMap$Builder                                  : loaded 2 times (x 82B)
Class com.google.common.base.NullnessCasts                                            : loaded 2 times (x 71B)
Class com.google.common.collect.Maps$EntryFunction$1                                  : loaded 2 times (x 91B)
Class com.google.common.base.Present                                                  : loaded 2 times (x 81B)
Class net.rubygrapefruit.platform.internal.FunctionResult                             : loaded 2 times (x 77B)
Class com.google.common.cache.RemovalListener                                         : loaded 2 times (x 70B)
Class org.gradle.api.internal.DefaultClassPathRegistry                                : loaded 2 times (x 76B)
Class com.google.common.collect.Maps$EntryFunction$2                                  : loaded 2 times (x 91B)
Class com.google.common.reflect.Invokable$ConstructorInvokable                        : loaded 2 times (x 107B)
Class net.rubygrapefruit.platform.NativeIntegrationLinkageException                   : loaded 2 times (x 82B)
Class com.google.common.primitives.IntsMethodsForWeb                                  : loaded 2 times (x 71B)
Class com.google.common.collect.Multimap                                              : loaded 2 times (x 70B)
Class org.gradle.api.internal.ClassPathRegistry                                       : loaded 2 times (x 70B)
Class org.gradle.internal.classpath.DefaultClassPath$ImmutableUniqueList              : loaded 2 times (x 199B)
Class com.google.common.base.ExtraObjectsMethodsForWeb                                : loaded 2 times (x 71B)
Class com.google.common.reflect.TypeToken                                             : loaded 2 times (x 73B)
Class com.google.common.base.Equivalence$Identity                                     : loaded 2 times (x 82B)
Class net.rubygrapefruit.platform.internal.jni.NativeLibraryFunctions                 : loaded 2 times (x 71B)
Class com.google.common.cache.CacheBuilder                                            : loaded 2 times (x 72B)
Class com.google.common.collect.SingletonImmutableList                                : loaded 2 times (x 207B)
Class Settings_gradle$1                                                               : loaded 2 times (x 74B)
Class org.gradle.internal.classpath.ClassPath                                         : loaded 2 times (x 70B)
Class org.gradle.api.UncheckedIOException                                             : loaded 2 times (x 82B)
Class [Lcom.google.common.reflect.Types$JavaVersion;                                  : loaded 2 times (x 69B)
Class com.google.common.collect.ImmutableList$ReverseImmutableList                    : loaded 2 times (x 208B)
Class com.google.common.base.JdkPattern                                               : loaded 2 times (x 75B)
Class net.rubygrapefruit.platform.internal.Platform$Windows                           : loaded 2 times (x 79B)
Class org.objectweb.asm.SymbolTable$Entry                                             : loaded 2 times (x 74B)
Class com.google.common.util.concurrent.AbstractFuture$AtomicHelper                   : loaded 2 times (x 78B)
Class org.objectweb.asm.Edge                                                          : loaded 2 times (x 72B)
Class com.google.common.base.Suppliers$SupplierOfInstance                             : loaded 2 times (x 79B)
Class com.google.common.collect.Iterators$1                                           : loaded 2 times (x 81B)
Class com.google.common.reflect.TypeToken$1                                           : loaded 2 times (x 110B)
Class com.google.common.cache.LocalCache$ComputingValueReference                      : loaded 2 times (x 96B)
Class com.google.common.collect.SingletonImmutableSet                                 : loaded 2 times (x 146B)
Class com.google.common.collect.ImmutableMap$IteratorBasedImmutableMap                : loaded 2 times (x 125B)
Class com.google.common.reflect.TypeToken$2                                           : loaded 2 times (x 110B)
Class com.google.common.cache.LocalCache$Segment                                      : loaded 2 times (x 154B)
Class net.rubygrapefruit.platform.internal.LibraryDef                                 : loaded 2 times (x 72B)
Class com.google.common.collect.SortedIterable                                        : loaded 2 times (x 70B)
Class [Lorg.objectweb.asm.SymbolTable$Entry;                                          : loaded 2 times (x 69B)
Class com.google.common.cache.CacheLoader                                             : loaded 2 times (x 74B)
Class com.google.common.collect.Iterators$4                                           : loaded 2 times (x 82B)
Class com.google.common.collect.ImmutableBiMap                                        : loaded 2 times (x 143B)
Class com.google.common.collect.AbstractListMultimap                                  : loaded 2 times (x 172B)
Class org.gradle.internal.installation.GradleInstallation$1                           : loaded 2 times (x 75B)
Class org.gradle.api.internal.classpath.ModuleRegistry                                : loaded 2 times (x 70B)
Class com.google.common.util.concurrent.internal.InternalFutureFailureAccess          : loaded 2 times (x 72B)
Class com.google.common.collect.Iterators$5                                           : loaded 2 times (x 82B)
Class com.google.common.collect.ImmutableSet$JdkBackedSetBuilderImpl                  : loaded 2 times (x 76B)
Class com.google.common.base.Splitter$SplittingIterator                               : loaded 2 times (x 84B)
Class com.google.common.collect.Iterators$6                                           : loaded 2 times (x 81B)
Class com.google.common.io.Closer$SuppressingSuppressor                               : loaded 2 times (x 75B)
Class com.google.common.util.concurrent.AbstractFuture$UnsafeAtomicHelper             : loaded 2 times (x 78B)
Class com.google.common.cache.LocalCache$LocalManualCache$1                           : loaded 2 times (x 75B)
Class com.google.common.base.CharMatcher$ForPredicate                                 : loaded 2 times (x 112B)
Class net.rubygrapefruit.platform.internal.Platform$Window32Bit                       : loaded 2 times (x 79B)
Class com.google.common.collect.ImmutableCollection                                   : loaded 2 times (x 125B)
Class com.google.common.base.CharMatcher$AnyOf                                        : loaded 2 times (x 112B)
Class org.gradle.api.internal.classpath.DefaultModuleRegistry                         : loaded 2 times (x 86B)
Class com.google.common.util.concurrent.ListenableFuture                              : loaded 2 times (x 70B)
Class com.google.common.cache.ReferenceEntry                                          : loaded 2 times (x 70B)
Class com.google.common.collect.ImmutableSet$CachingAsList                            : loaded 2 times (x 147B)
Class com.google.common.base.Converter                                                : loaded 2 times (x 90B)
Class com.google.common.collect.Lists                                                 : loaded 2 times (x 71B)
Class com.google.common.base.CharMatcher$Any                                          : loaded 2 times (x 112B)
Class com.google.common.util.concurrent.AbstractFuture                                : loaded 2 times (x 106B)
Class com.google.common.base.FunctionalEquivalence                                    : loaded 2 times (x 83B)
Class com.google.common.collect.Iterators$9                                           : loaded 2 times (x 81B)
Class com.google.common.collect.AbstractMapBasedMultimap                              : loaded 2 times (x 139B)
Class com.google.common.collect.ImmutableAsList                                       : loaded 2 times (x 209B)
Class com.google.common.reflect.TypeResolver$TypeTable                                : loaded 2 times (x 73B)
Class org.objectweb.asm.RecordComponentVisitor                                        : loaded 2 times (x 77B)
Class com.google.common.cache.CacheLoader$SupplierToCacheLoader                       : loaded 2 times (x 75B)
Class com.google.common.reflect.TypeResolver$TypeTable$1                              : loaded 2 times (x 73B)
Class com.google.common.collect.Maps$EntryTransformer                                 : loaded 2 times (x 70B)
Class org.gradle.internal.service.ServiceLookupException                              : loaded 2 times (x 82B)
Class com.google.common.collect.ImmutableSortedSet                                    : loaded 2 times (x 299B)
Class [Lcom.google.common.cache.LocalCache$EntryFactory;                              : loaded 2 times (x 69B)
Class com.google.common.base.CharMatcher$JavaLetter                                   : loaded 2 times (x 111B)
Class org.gradle.internal.classloader.ClassLoaderFactory                              : loaded 2 times (x 70B)
Class net.rubygrapefruit.platform.internal.Platform$Linux                             : loaded 2 times (x 83B)
Class com.google.common.cache.LocalCache$LocalManualCache                             : loaded 2 times (x 99B)
Class com.google.common.base.CharMatcher$IsNot                                        : loaded 2 times (x 111B)
Class com.google.common.base.CommonPattern                                            : loaded 2 times (x 74B)
Class org.gradle.internal.service.CachingServiceLocator                               : loaded 2 times (x 82B)
Class com.google.common.collect.AbstractMapBasedMultimap$KeySet                       : loaded 2 times (x 137B)
Class com.google.common.collect.RegularImmutableSortedSet                             : loaded 2 times (x 299B)
Class com.google.common.math.IntMath                                                  : loaded 2 times (x 71B)
Class com.google.common.reflect.Types$TypeVariableInvocationHandler                   : loaded 2 times (x 75B)
Class com.google.common.collect.Iterators$10                                          : loaded 2 times (x 81B)
Class com.google.common.collect.ImmutableMapEntry                                     : loaded 2 times (x 85B)
Class com.google.common.base.CharMatcher$JavaDigit                                    : loaded 2 times (x 111B)
Class com.google.common.base.Predicates                                               : loaded 2 times (x 71B)
Class com.google.common.base.Equivalence                                              : loaded 2 times (x 82B)
Class com.google.common.collect.ImmutableMapEntry$NonTerminalImmutableMapEntry        : loaded 2 times (x 85B)
Class com.google.common.base.Function                                                 : loaded 2 times (x 70B)
Class com.google.common.cache.CacheBuilder$OneWeigher                                 : loaded 2 times (x 82B)
Class com.google.common.collect.RegularImmutableList                                  : loaded 2 times (x 212B)
Class com.google.common.collect.Maps$EntryFunction                                    : loaded 2 times (x 91B)
Class com.google.common.reflect.Types$ClassOwnership$1LocalClass                      : loaded 2 times (x 71B)
Class net.rubygrapefruit.platform.internal.Platform$Unsupported                       : loaded 2 times (x 79B)
Class net.rubygrapefruit.platform.internal.Platform$FreeBSD32Bit                      : loaded 2 times (x 82B)
Class com.google.common.collect.ImmutableBiMapFauxverideShim                          : loaded 2 times (x 120B)
Class org.gradle.internal.classloader.ClasspathUtil                                   : loaded 2 times (x 71B)
Class net.rubygrapefruit.platform.internal.Platform$Unix                              : loaded 2 times (x 82B)
Class com.google.common.base.Charsets                                                 : loaded 2 times (x 71B)
Class com.google.common.util.concurrent.Uninterruptibles                              : loaded 2 times (x 71B)
Class com.google.common.collect.Maps                                                  : loaded 2 times (x 71B)
Class com.google.common.base.CharMatcher$JavaUpperCase                                : loaded 2 times (x 111B)
Class org.gradle.api.specs.Spec                                                       : loaded 2 times (x 70B)
Class com.google.common.reflect.Types$JavaVersion                                     : loaded 2 times (x 83B)
Class [Lcom.google.common.collect.ImmutableEntry;                                     : loaded 2 times (x 69B)
Class com.google.common.collect.Sets$3$1                                              : loaded 2 times (x 82B)
Class com.google.common.cache.LocalCache$LoadingValueReference                        : loaded 2 times (x 96B)
Class com.google.common.primitives.Ints                                               : loaded 2 times (x 71B)
Class com.google.common.reflect.Invokable$MethodInvokable                             : loaded 2 times (x 107B)
Class com.google.common.base.Platform                                                 : loaded 2 times (x 71B)
Class ijKotlinCoroutineJvmDebugInit1_60lmof7nsirokihuj3ot4lyic$_run_closure1          : loaded 2 times (x 139B)
Class [Lorg.objectweb.asm.AnnotationWriter;                                           : loaded 2 times (x 69B)
Class com.google.common.primitives.Ints$IntConverter                                  : loaded 2 times (x 90B)
Class com.google.common.collect.Maps$8                                                : loaded 2 times (x 82B)
Class com.google.common.base.Predicates$CompositionPredicate                          : loaded 2 times (x 88B)
Class com.google.common.collect.ImmutableRangeSet$Builder                             : loaded 2 times (x 77B)
Class com.google.common.collect.Sets$SetView                                          : loaded 2 times (x 138B)
Class com.google.common.cache.LocalCache$StrongValueReference                         : loaded 2 times (x 90B)
Class com.google.common.util.concurrent.AbstractFuture$SynchronizedHelper             : loaded 2 times (x 78B)
Class com.google.common.base.CharMatcher$Invisible                                    : loaded 2 times (x 112B)
Class org.objectweb.asm.Type                                                          : loaded 2 times (x 72B)
Class org.gradle.internal.classloader.VisitableURLClassLoader$InstrumentingVisitableURLClassLoader: loaded 2 times (x 123B)
Class org.objectweb.asm.ByteVector                                                    : loaded 2 times (x 79B)
Class [Lcom.google.common.cache.CacheBuilder$NullListener;                            : loaded 2 times (x 69B)
Class com.google.common.math.IntMath$1                                                : loaded 2 times (x 71B)
Class org.gradle.internal.classloader.VisitableURLClassLoader$Spec                    : loaded 2 times (x 74B)
Class org.gradle.internal.classpath.DefaultClassPath                                  : loaded 2 times (x 90B)
Class com.google.common.reflect.Types$ClassOwnership                                  : loaded 2 times (x 80B)
Class org.objectweb.asm.Symbol                                                        : loaded 2 times (x 73B)
Class com.google.common.base.AbstractIterator                                         : loaded 2 times (x 80B)
Class com.google.common.collect.Sets$FilteredSet                                      : loaded 2 times (x 137B)
Class com.google.common.io.Closer                                                     : loaded 2 times (x 78B)
Class com.google.common.collect.ImmutableSet                                          : loaded 2 times (x 145B)
Class com.google.common.collect.RegularImmutableMap$Values                            : loaded 2 times (x 207B)
Class com.google.common.base.CharMatcher$BitSetMatcher                                : loaded 2 times (x 112B)
Class com.google.common.base.CharMatcher$Ascii                                        : loaded 2 times (x 112B)
Class org.gradle.internal.classloader.ClassLoaderSpec                                 : loaded 2 times (x 71B)
Class net.rubygrapefruit.platform.internal.Platform$MacOs32Bit                        : loaded 2 times (x 82B)
Class net.rubygrapefruit.platform.internal.Platform$Linux64Bit                        : loaded 2 times (x 83B)
Class org.objectweb.asm.AnnotationWriter                                              : loaded 2 times (x 79B)
Class com.google.common.cache.CacheStats                                              : loaded 2 times (x 71B)
Class com.google.common.io.Closer$Suppressor                                          : loaded 2 times (x 70B)
Class org.objectweb.asm.RecordComponentWriter                                         : loaded 2 times (x 78B)
Class com.google.common.util.concurrent.AbstractFuture$Listener                       : loaded 2 times (x 72B)
Class com.google.common.base.CharMatcher$Or                                           : loaded 2 times (x 112B)
Class Settings_gradle$1$1                                                             : loaded 2 times (x 74B)
Class org.objectweb.asm.Attribute                                                     : loaded 2 times (x 77B)
Class com.google.common.base.Supplier                                                 : loaded 2 times (x 70B)
Class org.gradle.internal.classloader.VisitableURLClassLoader                         : loaded 2 times (x 117B)
Class com.google.common.collect.ImmutableList$SerializedForm                          : loaded 2 times (x 73B)
Class net.rubygrapefruit.platform.internal.FunctionResult$Failure                     : loaded 2 times (x 79B)
Class net.rubygrapefruit.platform.internal.NativeLibraryLoader                        : loaded 2 times (x 73B)
Class com.google.common.util.concurrent.AbstractFuture$Waiter                         : loaded 2 times (x 72B)
Class Settings_gradle                                                                 : loaded 2 times (x 128B)
Class org.gradle.internal.Cast                                                        : loaded 2 times (x 71B)
Class org.gradle.api.Action                                                           : loaded 2 times (x 70B)
Class com.google.common.base.Strings                                                  : loaded 2 times (x 71B)
Class com.google.common.collect.Sets                                                  : loaded 2 times (x 71B)
Class org.objectweb.asm.Handler                                                       : loaded 2 times (x 72B)
Class com.google.common.base.Ticker                                                   : loaded 2 times (x 72B)
Class com.google.common.base.CharMatcher$FastMatcher                                  : loaded 2 times (x 111B)
Class [Lcom.google.common.cache.LocalCache$Segment;                                   : loaded 2 times (x 69B)
Class [Lcom.google.common.cache.LocalCache$Strength;                                  : loaded 2 times (x 69B)
Class com.google.common.cache.CacheBuilder$1                                          : loaded 2 times (x 85B)
Class com.google.common.collect.ImmutableMap                                          : loaded 2 times (x 120B)
Class com.google.common.base.Predicate                                                : loaded 2 times (x 70B)
Class org.gradle.internal.classpath.DefaultClassPath$ImmutableUniqueList$Builder      : loaded 2 times (x 75B)
Class com.google.common.collect.AbstractRangeSet                                      : loaded 2 times (x 114B)
Class com.google.common.cache.LocalCache                                              : loaded 2 times (x 187B)
Class com.google.common.cache.CacheBuilder$2                                          : loaded 2 times (x 72B)
Class com.google.common.base.CharMatcher$NegatedFastMatcher                           : loaded 2 times (x 113B)
Class [Lcom.google.common.collect.AbstractMapEntry;                                   : loaded 2 times (x 69B)
Class com.google.common.collect.ImmutableEntry                                        : loaded 2 times (x 82B)
Class com.google.common.collect.ArrayListMultimap                                     : loaded 2 times (x 172B)
Class com.google.common.base.AbstractIterator$1                                       : loaded 2 times (x 71B)
Class com.google.common.base.CharMatcher$Digit                                        : loaded 2 times (x 112B)
Class org.gradle.api.GradleException                                                  : loaded 2 times (x 82B)
Class com.google.common.base.Suppliers$MemoizingSupplier                              : loaded 2 times (x 79B)
Class com.google.common.collect.CollectPreconditions                                  : loaded 2 times (x 71B)
Class com.google.common.base.CharMatcher$JavaIsoControl                               : loaded 2 times (x 112B)
Class com.google.common.collect.Maps$AbstractFilteredMap                              : loaded 2 times (x 127B)
Class com.google.common.collect.SortedMapDifference                                   : loaded 2 times (x 70B)
Class com.google.common.base.CharMatcher$JavaLowerCase                                : loaded 2 times (x 111B)
Class net.rubygrapefruit.platform.internal.NativeLibraryLocator                       : loaded 2 times (x 73B)
Class net.rubygrapefruit.platform.Process                                             : loaded 2 times (x 70B)
Class com.google.common.cache.LocalCache$EntryFactory                                 : loaded 2 times (x 83B)
Class com.google.common.collect.Iterables$5                                           : loaded 2 times (x 81B)
Class com.google.common.reflect.Types$NativeTypeVariableEquals                        : loaded 2 times (x 71B)
Class com.google.common.reflect.TypeParameter                                         : loaded 2 times (x 72B)
Class com.google.common.cache.LocalCache$AbstractReferenceEntry                       : loaded 2 times (x 107B)
Class com.google.common.base.Splitter$1$1                                             : loaded 2 times (x 86B)
Class com.google.common.base.CharMatcher$Whitespace                                   : loaded 2 times (x 112B)
Class org.gradle.internal.IoActions                                                   : loaded 2 times (x 71B)
Class com.google.common.collect.ImmutableRangeSet$ComplementRanges                    : loaded 2 times (x 207B)
Class org.objectweb.asm.SymbolTable                                                   : loaded 2 times (x 72B)
Class com.google.common.cache.CacheLoader$InvalidCacheLoadException                   : loaded 2 times (x 82B)
Class com.google.common.collect.ImmutableSet$RegularSetBuilderImpl                    : loaded 2 times (x 77B)
Class com.google.common.base.CharMatcher$SingleWidth                                  : loaded 2 times (x 112B)
Class org.gradle.internal.classloader.SystemClassLoaderSpec                           : loaded 2 times (x 71B)
Class com.google.common.collect.FluentIterable                                        : loaded 2 times (x 81B)
Class com.google.common.cache.LocalCache$StrongEntry                                  : loaded 2 times (x 108B)
Class com.google.common.util.concurrent.AbstractFuture$TrustedFuture                  : loaded 2 times (x 114B)
Class com.google.common.cache.LoadingCache                                            : loaded 2 times (x 70B)
Class com.google.common.base.Suppliers$NonSerializableMemoizingSupplier               : loaded 2 times (x 79B)
Class net.rubygrapefruit.platform.ProcessLauncher                                     : loaded 2 times (x 70B)
Class org.objectweb.asm.MethodWriter                                                  : loaded 2 times (x 106B)
Class [Lcom.google.common.cache.Weigher;                                              : loaded 2 times (x 69B)
Class com.google.common.collect.RegularImmutableMap$BucketOverflowException           : loaded 2 times (x 82B)
Class com.google.common.collect.AbstractIterator$State                                : loaded 2 times (x 79B)
Class com.google.common.reflect.Types$JavaVersion$1                                   : loaded 2 times (x 83B)
Class com.google.common.collect.RegularImmutableBiMap                                 : loaded 2 times (x 148B)
Class com.google.common.cache.LocalCache$ValueReference                               : loaded 2 times (x 70B)
Class com.google.common.base.CharMatcher$Negated                                      : loaded 2 times (x 113B)
Class com.google.common.base.CharMatcher$Is                                           : loaded 2 times (x 111B)
Class com.google.common.hash.PrimitiveSink                                            : loaded 2 times (x 70B)
Class com.google.common.reflect.Types$JavaVersion$2                                   : loaded 2 times (x 83B)
Class com.google.common.reflect.Types                                                 : loaded 2 times (x 71B)
Class com.google.common.base.PatternCompiler                                          : loaded 2 times (x 70B)
Class com.google.common.util.concurrent.AbstractFuture$Failure                        : loaded 2 times (x 72B)
Class com.google.common.base.Equivalence$Equals                                       : loaded 2 times (x 82B)
Class com.google.common.collect.Hashing                                               : loaded 2 times (x 71B)
Class com.google.common.base.Preconditions                                            : loaded 2 times (x 71B)
Class com.google.common.reflect.Types$JavaVersion$3                                   : loaded 2 times (x 83B)
Class com.google.common.base.Joiner$1                                                 : loaded 2 times (x 80B)
Class org.objectweb.asm.Label                                                         : loaded 2 times (x 73B)
Class org.objectweb.asm.CurrentFrame                                                  : loaded 2 times (x 73B)
Class org.objectweb.asm.ClassTooLargeException                                        : loaded 2 times (x 83B)
Class com.google.common.collect.PeekingIterator                                       : loaded 2 times (x 70B)
Class com.google.common.base.CharMatcher                                              : loaded 2 times (x 111B)
Class com.google.common.collect.Maps$IteratorBasedAbstractMap                         : loaded 2 times (x 125B)
Class com.google.common.reflect.Types$JavaVersion$4                                   : loaded 2 times (x 83B)
Class com.google.common.collect.RangeGwtSerializationDependencies                     : loaded 2 times (x 71B)
Class com.google.common.base.Joiner$2                                                 : loaded 2 times (x 79B)
Class org.objectweb.asm.Frame                                                         : loaded 2 times (x 73B)
Class org.objectweb.asm.MethodVisitor                                                 : loaded 2 times (x 105B)
Class com.google.common.cache.LocalCache$EntryFactory$1                               : loaded 2 times (x 83B)
Class [Lcom.google.common.cache.RemovalListener;                                      : loaded 2 times (x 69B)
Class com.google.common.base.CharMatcher$1                                            : loaded 2 times (x 113B)
Class com.google.common.base.CharMatcher$NamedFastMatcher                             : loaded 2 times (x 112B)
Class com.google.common.reflect.Types$JavaVersion$5                                   : loaded 2 times (x 71B)
Class [Lcom.google.common.reflect.Types$ClassOwnership;                               : loaded 2 times (x 69B)
Class com.google.common.collect.RangeSet                                              : loaded 2 times (x 70B)
Class com.google.common.cache.LocalCache$EntryFactory$2                               : loaded 2 times (x 83B)
Class org.gradle.api.internal.classpath.GlobalCacheRootsProvider                      : loaded 2 times (x 70B)
Class com.google.common.collect.CollectCollectors                                     : loaded 2 times (x 71B)
Class org.objectweb.asm.ModuleWriter                                                  : loaded 2 times (x 82B)
Class com.google.common.cache.LocalCache$EntryFactory$3                               : loaded 2 times (x 83B)
Class com.google.common.base.Ticker$1                                                 : loaded 2 times (x 72B)
Class com.google.common.collect.ImmutableMapEntrySet$RegularEntrySet                  : loaded 2 times (x 151B)
Class com.google.common.collect.Maps$BiMapConverter                                   : loaded 2 times (x 90B)
Class net.rubygrapefruit.platform.internal.Platform$MacOs                             : loaded 2 times (x 82B)
Class net.rubygrapefruit.platform.internal.Platform$Window64Bit                       : loaded 2 times (x 79B)
Class com.google.common.cache.LocalCache$EntryFactory$4                               : loaded 2 times (x 83B)
Class com.google.common.collect.ImmutableSet$Builder                                  : loaded 2 times (x 85B)
Class com.google.common.base.CharMatcher$InRange                                      : loaded 2 times (x 111B)
Class com.google.common.cache.LocalCache$EntryFactory$5                               : loaded 2 times (x 83B)
Class com.google.common.base.PairwiseEquivalence                                      : loaded 2 times (x 83B)
Class com.google.common.cache.LocalCache$EntryFactory$6                               : loaded 2 times (x 83B)
Class ijKotlinCoroutineJvmDebugInit1_60lmof7nsirokihuj3ot4lyic                        : loaded 2 times (x 179B)
Class org.gradle.internal.installation.CurrentGradleInstallationLocator               : loaded 2 times (x 71B)
Class com.google.common.collect.Maps$KeySet                                           : loaded 2 times (x 137B)
Class com.google.common.cache.LocalCache$EntryFactory$7                               : loaded 2 times (x 83B)
Class com.google.common.collect.ImmutableSet$EmptySetBuilderImpl                      : loaded 2 times (x 76B)
Class com.google.common.collect.ImmutableList                                         : loaded 2 times (x 206B)
Class ijJvmDebugger1_8bqgazkunrx4t6dq6lm2b4gbs$_run_closure1$_closure2                : loaded 2 times (x 140B)
Class org.gradle.internal.service.DefaultServiceLocator                               : loaded 2 times (x 83B)
Class com.google.common.collect.Maps$EntrySet                                         : loaded 2 times (x 136B)
Class com.google.common.cache.LocalCache$EntryFactory$8                               : loaded 2 times (x 83B)
Class com.google.common.collect.ImmutableSet$SetBuilderImpl                           : loaded 2 times (x 76B)
Class org.gradle.internal.installation.CurrentGradleInstallation                      : loaded 2 times (x 73B)
Class com.google.common.cache.CacheLoader$1                                           : loaded 2 times (x 75B)
Class com.google.common.collect.ForwardingObject                                      : loaded 2 times (x 72B)
Class com.google.common.collect.ImmutableList$SubList                                 : loaded 2 times (x 208B)
Class org.gradle.util.internal.GUtil                                                  : loaded 2 times (x 71B)
Class com.google.common.util.concurrent.AbstractFuture$SetFuture                      : loaded 2 times (x 75B)
Class com.google.common.cache.AbstractCache$StatsCounter                              : loaded 2 times (x 70B)
Class com.google.common.reflect.Types$TypeVariableImpl                                : loaded 2 times (x 72B)
Class com.google.common.collect.Iterators$MergingIterator                             : loaded 2 times (x 81B)
Class com.google.common.collect.RegularImmutableSet                                   : loaded 2 times (x 148B)
Class org.gradle.internal.installation.GradleInstallation                             : loaded 2 times (x 75B)
Class com.google.common.collect.Iterables                                             : loaded 2 times (x 71B)
Class com.google.common.base.Splitter$Strategy                                        : loaded 2 times (x 70B)
Class ijKotlinCoroutineJvmDebugInit1_60lmof7nsirokihuj3ot4lyic$_run_closure1$_closure2: loaded 2 times (x 139B)

---------------  S Y S T E M  ---------------

OS:
 Windows 11 , 64 bit Build 26100 (10.0.26100.7019)
OS uptime: 5 days 6:31 hours

CPU: total 8 (initial active 8) (8 cores per cpu, 2 threads per core) family 23 model 24 stepping 1 microcode 0x8108102, cx8, cmov, fxsr, ht, mmx, 3dnowpref, sse, sse2, sse3, ssse3, sse4a, sse4.1, sse4.2, popcnt, lzcnt, tsc, tscinvbit, avx, avx2, aes, clmul, bmi1, bmi2, adx, sha, fma, vzeroupper, clflush, clflushopt, rdtscp, f16c
Processor Information for the first 8 processors :
  Max Mhz: 2100, Current Mhz: 2100, Mhz Limit: 2100

Memory: 4k page, system-wide physical 15809M (1282M free)
TotalPageFile size 27087M (AvailPageFile size 23M)
current process WorkingSet (physical memory assigned to process): 726M, peak: 796M
current process commit charge ("private bytes"): 852M, peak: 993M

vm_info: OpenJDK 64-Bit Server VM (21.0.8+-14018985-b1038.68) for windows-amd64 JRE (21.0.8+-14018985-b1038.68), built on 2025-08-29T19:56:34Z by "builder" with MS VC++ 16.10 / 16.11 (VS2019)

END.
